date,open,high,low,close,volume,adj_close,ma5,ma25,ma75,ma200,rsi14,macd,macd_signal,macd_hist,bb_upper,bb_mid,bb_lower,atr14
2024-08-14,2910.0,2976.0,2906.0,2924.0,12519200,2738.24,2738.24,2738.24,2738.24,2738.24,50.0,0.0,0.0,0.0,2738.24,2738.24,2738.24,
2024-08-15,2940.5,3109.0,2931.0,3041.0,15341300,2847.81,2793.02,2793.02,2793.02,2793.02,50.0,8.74,1.75,6.99,2902.6,2793.02,2683.45,
2024-08-16,3172.0,3172.0,3098.0,3143.0,12701200,2943.33,2843.13,2843.13,2843.13,2843.13,50.0,23.11,6.02,17.09,3010.71,2843.13,2675.54,
2024-08-19,3131.0,3153.0,3083.0,3090.0,8909500,2893.7,2855.77,2855.77,2855.77,2855.77,50.0,30.14,10.84,19.3,3007.37,2855.77,2704.17,
2024-08-20,3139.0,3139.0,3069.0,3091.0,6517600,2894.63,2863.54,2863.54,2863.54,2863.54,50.0,35.39,15.75,19.63,3002.65,2863.54,2724.43,
2024-08-21,3031.0,3079.0,3025.0,3069.0,4977300,2874.03,2890.7,2865.29,2865.29,2865.29,50.0,37.45,20.09,17.35,2992.52,2865.29,2738.06,
2024-08-22,3050.0,3060.0,3015.0,3034.0,6151800,2841.25,2889.39,2861.86,2861.86,2861.86,50.0,36.02,23.28,12.74,2980.84,2861.86,2742.87,
2024-08-23,3044.0,3075.0,3030.0,3075.0,6304700,2879.65,2876.65,2864.08,2864.08,2864.08,50.0,37.55,26.13,11.42,2976.0,2864.08,2752.16,
2024-08-26,3051.0,3063.0,2979.0,2995.5,8354300,2805.2,2858.95,2857.54,2857.54,2857.54,50.0,32.39,27.38,5.01,2969.36,2857.54,2745.71,
2024-08-27,2999.5,3021.0,2973.5,3004.0,6628600,2813.16,2842.66,2853.1,2853.1,2853.1,50.0,28.61,27.63,0.98,2962.48,2853.1,2743.72,
2024-08-28,2986.0,3023.0,2979.0,3016.0,5508000,2824.4,2832.73,2850.49,2850.49,2850.49,50.0,26.22,27.35,-1.13,2956.08,2850.49,2744.91,
2024-08-29,3020.0,3024.0,2991.0,2997.0,6360700,2806.6,2825.8,2846.83,2846.83,2846.83,50.0,22.63,26.4,-3.78,2950.79,2846.83,2742.87,
2024-08-30,3010.0,3027.0,2985.5,3009.0,11370200,2817.84,2813.44,2844.6,2844.6,2844.6,50.0,20.45,25.21,-4.76,2945.67,2844.6,2743.53,
2024-09-02,3050.0,3068.0,3030.0,3059.0,7323800,2864.67,2825.33,2846.04,2846.04,2846.04,50.0,22.25,24.62,-2.37,2943.98,2846.04,2748.1,167.14
2024-09-03,3090.0,3137.0,3067.0,3137.0,8304100,2937.71,2850.24,2852.15,2852.15,2852.15,87.49,29.23,25.54,3.69,2957.24,2852.15,2747.06,174.66
2024-09-04,3030.0,3039.0,2956.5,2974.0,15209200,2785.06,2842.38,2847.96,2847.96,2847.96,73.99,22.19,24.87,-2.68,2954.77,2847.96,2741.14,169.42
2024-09-05,2924.0,3018.0,2893.5,2962.0,11177300,2773.83,2835.82,2843.59,2843.59,2843.59,73.09,15.52,23.0,-7.48,2952.93,2843.59,2734.26,173.95
2024-09-06,2943.5,2961.0,2897.5,2923.5,9162000,2737.77,2819.81,2837.72,2837.72,2837.72,70.16,7.25,19.85,-12.6,2954.51,2837.72,2720.92,174.9
2024-09-09,2810.0,2850.0,2783.0,2838.5,13495800,2658.17,2778.51,2828.27,2828.27,2828.27,64.06,-5.67,14.75,-20.41,2967.38,2828.27,2689.15,170.42
2024-09-10,2850.0,2898.5,2831.0,2832.0,9415400,2652.09,2721.38,2819.46,2819.46,2819.46,63.6,-16.21,8.56,-24.76,2975.28,2819.46,2663.63,175.42
2024-09-11,2800.0,2811.0,2739.0,2770.0,10822300,2594.02,2683.18,2808.72,2808.72,2808.72,59.27,-28.91,1.06,-29.97,2993.68,2812.25,2630.81,174.24
2024-09-12,2848.0,2855.0,2802.5,2830.5,9583500,2650.68,2658.55,2801.54,2801.54,2801.54,61.99,-34.02,-5.95,-28.06,2996.03,2802.39,2608.74,180.43
2024-09-13,2831.0,2839.5,2805.0,2813.5,9179800,2634.76,2637.94,2794.29,2794.29,2794.29,60.76,-38.9,-12.54,-26.36,2982.39,2786.96,2591.53,181.03
2024-09-17,2826.0,2837.0,2693.0,2746.5,12258700,2572.02,2620.71,2785.03,2785.03,2785.03,56.05,-47.28,-19.49,-27.79,2980.92,2770.88,2560.83,182.55
2024-09-18,2780.0,2783.5,2742.5,2764.5,8009800,2588.87,2608.07,2777.18,2777.18,2777.18,57.01,-51.97,-25.99,-25.99,2971.8,2755.59,2539.38,184.61
2024-09-19,2840.0,2867.5,2824.5,2829.5,9893400,2649.75,2619.22,2773.64,2772.28,2772.28,60.39,-50.2,-30.83,-19.37,2958.1,2744.38,2530.65,191.33
2024-09-20,2929.5,2942.5,2887.0,2890.5,24463700,2706.87,2630.45,2768.0,2769.86,2769.86,63.31,-43.68,-33.4,-10.28,2947.19,2737.66,2528.13,198.57
2024-09-24,2940.5,2948.0,2869.0,2870.0,14347500,2687.67,2641.04,2757.78,2766.92,2766.92,61.67,-39.6,-34.64,-4.96,2928.06,2728.06,2528.05,201.61
2024-09-25,2888.0,2894.0,2811.0,2816.5,14546700,2637.57,2654.15,2747.53,2762.46,2762.46,57.47,-39.95,-35.7,-4.25,2920.09,2719.68,2519.26,201.95
2024-09-26,2828.5,2894.5,2809.5,2894.5,14797100,2710.62,2678.5,2740.17,2760.73,2760.73,61.58,-33.95,-35.35,1.4,2910.33,2714.55,2518.77,205.88
2024-09-27,2859.0,2859.0,2806.0,2818.0,14171500,2699.6,2688.47,2733.19,2758.76,2758.76,60.63,-29.73,-34.23,4.49,2897.53,2708.31,2519.08,201.77
2024-09-30,2918.0,2974.0,2879.0,2936.0,30762200,2812.64,2709.62,2732.05,2760.44,2760.44,66.36,-17.08,-30.8,13.72,2898.48,2708.61,2518.74,206.96
2024-10-01,2965.5,3034.0,2957.5,3001.0,18593900,2874.91,2747.07,2731.86,2763.91,2763.91,69.04,-2.0,-25.04,23.04,2909.36,2711.46,2513.57,207.99
2024-10-02,2943.0,3021.0,2941.5,2958.5,13076000,2834.2,2786.39,2733.02,2765.98,2765.98,65.37,6.59,-18.71,25.3,2903.52,2709.94,2516.36,203.57
2024-10-03,2981.0,2982.0,2900.5,2919.0,12861200,2796.36,2803.54,2732.35,2766.85,2766.85,62.08,10.23,-12.92,23.15,2871.37,2702.87,2534.38,199.58
2024-10-04,2928.0,2973.5,2921.5,2970.0,10004100,2845.21,2832.66,2733.18,2769.02,2769.02,64.56,16.86,-6.97,23.82,2882.11,2705.88,2529.66,197.98
2024-10-07,3090.0,3129.0,3015.0,3115.0,18326700,2984.12,2866.96,2740.28,2774.84,2774.84,70.48,32.94,1.01,31.92,2928.93,2716.4,2503.86,204.11
2024-10-08,3106.0,3109.0,3016.0,3023.0,10164300,2895.99,2871.18,2743.41,2778.03,2778.03,63.26,38.13,8.44,29.7,2950.76,2724.31,2497.85,198.45
2024-10-09,3035.0,3048.0,2989.0,3000.0,6558200,2873.95,2879.13,2743.78,2780.49,2780.49,61.56,40.01,14.75,25.26,2968.38,2735.1,2501.81,195.13
2024-10-10,3048.0,3050.0,3015.0,3018.0,6283600,2891.2,2898.09,2741.92,2783.25,2783.25,62.41,42.4,20.28,22.12,2986.52,2747.05,2507.58,193.77
2024-10-11,3048.0,3075.0,3041.0,3048.0,7561700,2919.94,2913.04,2747.31,2786.59,2786.59,63.85,46.08,25.44,20.64,3003.3,2763.35,2523.39,193.06
2024-10-15,3120.0,3151.0,3090.0,3093.0,12543500,2963.04,2908.82,2754.88,2790.79,2790.79,65.95,51.88,30.73,21.15,3028.04,2778.96,2529.89,195.77
2024-10-16,3059.0,3118.0,3048.0,3104.0,7607600,2973.58,2924.34,2764.31,2795.04,2795.04,66.46,56.67,35.92,20.76,3049.49,2795.91,2542.32,192.86
2024-10-17,3138.0,3173.0,3127.0,3173.0,12355100,3039.68,2957.49,2779.57,2800.6,2800.6,69.56,65.06,41.75,23.31,3072.23,2819.29,2566.35,193.33
2024-10-18,3200.0,3215.0,3183.0,3204.0,12659400,3069.38,2993.12,2796.27,2806.57,2806.57,70.86,73.25,48.05,25.2,3095.43,2843.31,2591.2,192.04
2024-10-21,3200.0,3201.0,3170.0,3180.0,8847500,3046.39,3018.41,2814.36,2811.79,2811.79,68.42,77.0,53.84,23.16,3113.63,2863.15,2612.66,187.72
2024-10-22,3151.0,3169.0,3111.0,3141.0,9998400,3009.03,3027.61,2828.69,2815.98,2815.98,64.53,76.08,58.29,17.8,3125.64,2878.25,2630.87,183.07
2024-10-23,3121.0,3140.0,3093.0,3098.0,6993400,2967.83,3026.46,2842.02,2819.15,2819.15,60.45,71.21,60.87,10.34,3126.26,2892.26,2658.26,179.35
2024-10-24,3069.0,3117.0,3052.0,3100.0,7467300,2969.75,3012.48,2857.93,2822.22,2822.22,60.58,66.73,62.04,4.69,3113.52,2908.87,2704.22,177.2
2024-10-25,3071.0,3106.0,3056.0,3086.0,7588700,2956.34,2989.87,2872.62,2824.9,2824.9,59.17,61.4,61.91,-0.52,3105.19,2921.16,2737.13,174.27
2024-10-28,3016.0,3128.0,3012.0,3115.0,8166200,2984.12,2977.41,2886.0,2828.02,2828.02,61.18,58.73,61.28,-2.55,3090.41,2935.38,2780.36,174.08
2024-10-29,3133.0,3213.0,3131.0,3202.0,9959500,3067.46,2989.1,2900.42,2832.63,2832.63,66.52,62.62,61.55,1.08,3102.59,2948.12,2793.66,178.0
2024-10-30,3188.0,3225.0,3186.0,3223.0,15460200,3087.58,3013.05,2916.42,2837.44,2837.44,67.67,66.56,62.55,4.01,3120.7,2958.76,2796.82,176.54
2024-10-31,3212.0,3243.0,3196.0,3212.0,11142900,3077.04,3034.51,2934.0,2841.88,2841.88,66.38,68.05,63.65,4.4,3130.05,2970.9,2811.75,175.03
2024-11-01,3193.0,3265.0,3192.0,3210.0,10997000,3075.13,3058.27,2948.58,2846.12,2846.12,66.13,68.29,64.58,3.71,3128.48,2984.84,2841.2,175.95
2024-11-05,3241.0,3248.0,3218.0,3245.0,7593500,3108.66,3083.17,2964.94,2850.81,2850.81,68.35,70.37,65.73,4.63,3136.23,2998.01,2859.79,175.73
2024-11-06,3280.0,3452.0,3271.0,3452.0,22528300,3306.96,3131.07,2984.71,2858.81,2858.81,77.67,87.02,69.99,17.03,3206.8,3014.15,2821.5,187.7
2024-11-07,3580.0,3589.0,3415.0,3452.0,20193500,3306.96,3174.95,3002.0,2866.53,2866.53,77.67,99.07,75.81,23.26,3257.82,3034.7,2811.59,194.44
2024-11-08,3442.0,3459.0,3421.0,3425.0,9739800,3281.1,3215.76,3019.87,2873.56,2873.56,74.36,105.32,81.71,23.61,3289.79,3055.06,2820.33,191.41
2024-11-11,3427.0,3460.0,3386.0,3421.0,7904600,3277.26,3256.19,3039.11,2880.29,2880.29,73.86,108.71,87.11,21.6,3315.42,3074.36,2833.3,190.52
2024-11-12,3491.0,3533.0,3454.0,3454.0,13916300,3308.88,3296.23,3057.65,2887.32,2887.32,75.34,112.65,92.22,20.43,3344.47,3093.81,2843.15,195.18
2024-11-13,3500.0,3521.0,3465.0,3485.0,12858400,3338.57,3302.55,3071.83,2894.59,2894.59,76.68,116.82,97.14,19.68,3377.12,3112.58,2848.05,196.39
2024-11-14,3500.0,3555.0,3484.0,3531.0,14608800,3382.64,3317.69,3091.3,2902.34,2902.34,78.53,122.27,102.17,20.11,3414.16,3133.04,2851.92,197.82
2024-11-15,3620.0,3772.0,3615.0,3765.0,33647400,3606.81,3382.83,3120.61,2913.35,2913.35,85.06,143.04,110.34,32.7,3506.3,3161.39,2816.49,211.5
2024-11-18,3765.0,3799.0,3737.0,3742.0,15801700,3584.78,3444.34,3148.36,2923.68,2923.68,82.41,155.91,119.45,36.46,3575.06,3187.16,2799.27,210.12
2024-11-19,3755.0,3849.0,3755.0,3835.0,14746300,3673.87,3517.33,3178.51,2935.04,2935.04,84.51,171.33,129.83,41.5,3654.36,3218.54,2782.72,213.99
2024-11-20,3832.0,3855.0,3791.0,3798.0,11043100,3638.42,3577.3,3205.53,2945.54,2945.54,80.39,178.63,139.59,39.04,3710.94,3250.01,2789.08,211.64
2024-11-21,3800.0,3892.0,3798.0,3848.0,12410800,3686.32,3638.04,3234.04,2956.44,2956.44,81.69,186.14,148.9,37.24,3764.94,3285.93,2806.93,214.64
2024-11-22,3846.0,3856.0,3823.0,3835.0,9408300,3673.87,3651.45,3259.41,2966.83,2966.83,80.21,188.91,156.9,32.0,3805.49,3321.14,2836.79,211.42
2024-11-25,3836.0,3865.0,3815.0,3819.0,21104000,3658.54,3666.2,3282.97,2976.72,2976.72,78.32,187.7,163.06,24.64,3831.45,3356.25,2881.05,209.97
2024-11-26,3791.0,3809.0,3725.0,3752.0,9518400,3594.36,3650.3,3304.89,2985.41,2985.41,70.8,179.49,166.35,13.14,3840.34,3386.76,2933.18,205.72
2024-11-27,3737.0,3788.0,3700.0,3700.0,8105800,3544.54,3631.53,3326.31,2993.18,2993.18,65.54,167.04,166.49,0.56,3844.26,3410.61,2976.97,204.86
2024-11-28,3643.0,3757.0,3630.0,3725.0,7857700,3568.49,3607.96,3350.34,3001.06,3001.06,66.81,157.3,164.65,-7.35,3846.79,3434.66,3022.53,205.4
2024-11-29,3750.0,3788.0,3727.0,3784.0,8144900,3625.01,3598.19,3376.55,3009.49,3009.49,69.67,152.38,162.19,-9.82,3847.43,3462.06,3076.69,206.41
2024-12-02,3810.0,3879.0,3798.0,3879.0,12270900,3716.02,3609.68,3406.94,3018.91,3018.91,73.61,154.05,160.56,-6.52,3850.98,3494.1,3137.23,209.81
2024-12-03,3892.0,3930.0,3886.0,3925.0,13723300,3760.09,3642.83,3437.97,3032.54,3028.67,75.28,157.11,159.87,-2.76,3854.63,3526.67,3198.72,210.11
2024-12-04,3945.0,3957.0,3810.0,3810.0,12769000,3649.92,3663.91,3461.27,3043.23,3036.73,64.3,148.94,157.69,-8.75,3859.67,3543.82,3227.97,209.16
2024-12-05,3832.0,3849.0,3786.0,3824.0,9967100,3663.33,3682.87,3484.3,3052.83,3044.77,64.97,141.9,154.53,-12.63,3861.85,3561.64,3261.43,208.44
2024-12-06,3818.0,3824.0,3782.0,3814.0,6643400,3653.75,3688.62,3507.37,3062.97,3052.48,64.05,134.01,150.43,-16.41,3853.58,3580.27,3306.97,205.03
2024-12-09,3814.0,3832.0,3743.0,3824.0,9004000,3663.33,3678.08,3530.9,3073.22,3060.11,64.59,127.07,145.75,-18.69,3836.69,3599.58,3362.47,203.12
2024-12-10,3840.0,3866.0,3812.0,3812.0,6111900,3651.83,3656.43,3552.63,3083.59,3067.42,63.36,119.26,140.46,-21.2,3813.42,3616.72,3420.03,203.09
2024-12-11,3827.0,3838.0,3795.0,3838.0,7543400,3676.74,3661.8,3567.42,3094.73,3074.85,64.92,113.77,135.12,-21.35,3784.6,3633.63,3482.66,201.88
2024-12-12,3865.0,3886.0,3842.0,3847.0,8959300,3685.36,3666.2,3582.55,3105.47,3082.2,65.47,108.86,129.87,-21.01,3747.82,3648.77,3549.72,202.41
2024-12-13,3823.0,3846.0,3811.0,3817.0,9291200,3656.62,3666.78,3597.57,3116.82,3089.04,61.98,101.48,124.19,-22.71,3748.45,3651.26,3554.06,199.42
2024-12-16,3821.0,3855.0,3782.0,3810.0,7705400,3649.92,3664.09,3612.48,3127.98,3095.64,61.16,94.01,118.15,-24.14,3746.82,3654.52,3562.21,199.35
2024-12-17,3842.0,3891.0,3778.0,3779.0,9459200,3620.22,3657.77,3624.93,3138.59,3101.74,57.54,84.71,111.47,-26.75,3744.85,3651.83,3558.82,202.33
2024-12-18,3765.0,3853.0,3765.0,3779.0,7370700,3620.22,3646.47,3636.2,3149.44,3107.7,57.54,76.47,104.47,-28.0,3744.8,3650.92,3557.05,204.5
2024-12-19,3760.0,3874.0,3735.0,3857.0,9933100,3694.94,3648.38,3648.69,3161.13,3114.37,63.8,75.09,98.59,-23.5,3745.95,3651.35,3556.76,208.02
2024-12-20,3838.0,3843.0,3747.0,3766.0,13462100,3607.77,3638.61,3648.73,3171.04,3119.92,53.83,66.21,92.12,-25.91,3743.88,3648.05,3552.22,203.74
2024-12-23,3774.0,3803.0,3744.0,3788.0,9220700,3628.84,3634.4,3650.49,3180.26,3125.57,55.63,60.17,85.73,-25.55,3742.62,3646.56,3550.51,203.13
2024-12-24,3828.0,3842.0,3809.0,3833.0,5389300,3671.95,3644.74,3650.42,3192.08,3131.58,59.15,58.2,80.22,-22.02,3743.99,3650.44,3556.9,203.85
2024-12-25,3843.0,3847.0,3792.0,3828.0,4645800,3667.16,3654.13,3651.57,3203.99,3137.4,58.6,55.61,75.3,-19.69,3736.66,3656.58,3576.49,201.79
2024-12-26,3830.0,3863.0,3816.0,3863.0,6170300,3700.69,3655.28,3652.14,3216.83,3143.45,61.34,55.62,71.36,-15.75,3734.43,3663.19,3591.94,201.37
2024-12-27,3880.0,3923.0,3876.0,3893.0,7552300,3729.43,3679.61,3654.36,3231.11,3149.69,63.56,57.28,68.55,-11.26,3742.92,3668.41,3593.89,202.86
2024-12-30,3903.0,3929.0,3861.0,3873.0,7001600,3710.27,3695.9,3656.43,3245.22,3155.59,61.04,56.41,66.12,-9.71,3741.94,3668.12,3594.3,202.63
2025-01-06,3913.0,3936.0,3847.0,3885.0,8945900,3721.77,3705.86,3661.53,3260.26,3161.49,62.01,55.99,64.09,-8.1,3731.92,3666.2,3600.49,204.28
2025-01-07,3909.0,3999.0,3880.0,3970.0,12456500,3803.2,3733.07,3671.87,3275.63,3168.1,68.1,61.53,63.58,-2.05,3762.1,3673.87,3585.64,209.49
2025-01-08,3988.0,4037.0,3977.0,4009.0,11199800,3840.56,3761.05,3682.76,3291.7,3174.96,70.44,68.15,64.49,3.65,3796.77,3682.73,3568.69,211.23
2025-01-09,4020.0,4045.0,3962.0,3962.0,11183900,3795.53,3774.27,3689.58,3308.02,3181.23,64.32,68.96,65.39,3.57,3813.03,3689.82,3566.61,210.74
2025-01-10,3985.0,3993.0,3876.0,3885.0,9811200,3721.77,3776.57,3689.81,3323.12,3186.64,55.76,62.93,64.9,-1.97,3816.07,3692.74,3569.41,209.79
2025-01-14,3907.0,3928.0,3826.0,3843.0,10312600,3681.53,3768.52,3686.67,3336.88,3191.54,51.72,54.28,62.77,-8.5,3816.26,3694.22,3572.19,209.54
2025-01-15,3954.0,3979.0,3916.0,3979.0,10757900,3811.82,3770.24,3693.14,3351.61,3197.62,61.46,57.27,61.67,-4.4,3832.94,3700.98,3569.01,215.82
2025-01-16,4000.0,4030.0,3962.0,3970.0,11737000,3803.2,3762.77,3698.74,3366.49,3203.5,60.59,58.28,60.99,-2.71,3845.86,3706.87,3567.89,215.99
2025-01-17,3938.0,3943.0,3815.0,3906.0,13880800,3741.89,3752.04,3702.26,3381.21,3208.67,54.66,53.51,59.5,-5.98,3848.92,3711.13,3573.35,210.55
2025-01-20,3952.0,4004.0,3947.0,3980.0,9085800,3812.78,3770.24,3708.24,3395.91,3214.43,59.59,54.82,58.56,-3.74,3860.83,3719.28,3577.73,214.23
2025-01-21,4020.0,4039.0,3918.0,3963.0,7997800,3796.49,3793.24,3714.03,3410.53,3219.92,58.03,53.93,57.64,-3.71,3865.77,3728.09,3590.41,215.09
2025-01-22,3983.0,3985.0,3934.0,3949.0,8533400,3783.08,3787.49,3718.28,3423.47,3225.18,56.71,51.54,56.42,-4.88,3866.49,3736.23,3605.97,213.19
2025-01-23,3965.0,3973.0,3906.0,3963.0,7823300,3796.49,3786.15,3722.73,3435.76,3230.47,57.74,50.15,55.16,-5.01,3872.65,3741.31,3609.97,211.53
2025-01-24,3989.0,4043.0,3932.0,3986.0,14446700,3818.52,3801.47,3729.2,3448.88,3235.87,59.45,50.25,54.18,-3.93,3871.98,3751.85,3631.72,214.02
2025-01-27,4030.0,4137.0,4025.0,4049.0,14093400,3878.88,3814.69,3738.36,3463.32,3241.71,63.78,54.57,54.26,0.31,3882.7,3764.35,3646.0,221.49
2025-01-28,4093.0,4210.0,4076.0,4162.0,15580900,3987.13,3852.82,3753.04,3478.54,3248.43,69.97,65.97,56.6,9.37,3925.82,3780.11,3634.4,229.32
2025-01-29,4199.0,4268.0,4165.0,4255.0,15386500,4076.22,3911.45,3771.28,3493.1,3255.82,73.92,81.25,61.53,19.72,3986.42,3800.56,3614.7,233.0
2025-01-30,4255.0,4296.0,4226.0,4288.0,13381800,4107.84,3973.72,3787.79,3509.26,3263.36,75.17,94.82,68.19,26.63,4044.02,3820.92,3597.82,232.05
2025-01-31,4300.0,4317.0,4249.0,4307.0,12336800,4126.04,4035.22,3808.52,3525.96,3270.93,75.88,105.83,75.72,30.11,4095.99,3840.75,3585.51,230.42
2025-02-03,4250.0,4315.0,4240.0,4261.0,17164200,4081.97,4075.84,3826.65,3541.83,3277.98,70.58,109.73,82.52,27.21,4127.66,3859.34,3591.01,227.46
2025-02-04,4280.0,4281.0,4208.0,4240.0,16050100,4061.85,4090.78,3842.24,3557.06,3284.74,68.23,109.93,88.0,21.93,4150.67,3876.34,3602.0,225.43
2025-02-05,4262.0,4356.0,4204.0,4220.0,14750400,4042.69,4084.08,3857.27,3571.45,3291.21,65.99,107.3,91.86,15.44,4169.65,3888.31,3606.98,230.34
2025-02-06,4248.0,4278.0,4198.0,4227.0,9027900,4049.4,4072.39,3871.21,3585.8,3297.64,66.4,104.56,94.4,10.16,4187.63,3898.76,3609.88,230.69
2025-02-07,4225.0,4228.0,4151.0,4160.0,9388300,3985.21,4044.22,3881.45,3598.4,3303.42,58.95,96.1,94.74,1.36,4195.38,3908.24,3621.1,226.97
2025-02-10,4170.0,4200.0,4145.0,4159.0,6233400,3984.26,4024.68,3892.4,3610.6,3309.09,58.84,88.3,93.45,-5.15,4196.98,3921.36,3645.75,226.1
2025-02-12,4150.0,4166.0,4100.0,4166.0,7795400,3990.96,4010.5,3903.17,3623.2,3314.73,59.39,81.72,91.11,-9.39,4190.75,3936.84,3682.92,222.93
2025-02-13,4210.0,4277.0,4201.0,4277.0,9622600,4097.3,4021.43,3914.94,3637.71,3321.14,66.95,84.11,89.71,-5.6,4207.39,3951.11,3694.83,227.44
2025-02-14,4279.0,4333.0,4261.0,4324.0,7664900,4142.32,4040.01,3927.01,3653.37,3327.82,69.54,88.62,89.49,-0.87,4227.81,3968.07,3708.32,228.03
2025-02-17,4324.0,4358.0,4316.0,4350.0,8569100,4167.23,4076.41,3941.87,3669.33,3334.59,70.9,93.13,90.22,2.91,4241.05,3989.33,3737.62,227.15
2025-02-18,4375.0,4445.0,4352.0,4420.0,9928500,4234.29,4126.42,3962.38,3686.37,3341.78,74.22,100.95,92.36,8.59,4269.93,4010.41,3750.89,230.76
2025-02-19,4450.0,4493.0,4425.0,4446.0,10864500,4259.2,4180.07,3985.48,3703.37,3349.07,75.35,107.91,95.47,12.44,4295.15,4033.54,3771.94,232.76
2025-02-20,4400.0,4426.0,4330.0,4360.0,10985000,4176.81,4195.97,4000.08,3718.17,3355.58,65.19,105.57,97.49,8.08,4294.98,4053.23,3811.48,228.05
2025-02-21,4330.0,4330.0,4227.0,4252.0,10899700,4073.35,4182.18,4010.89,3731.31,3361.19,55.14,94.27,96.85,-2.57,4278.2,4067.07,3855.94,222.7
2025-02-25,4160.0,4316.0,4160.0,4275.0,9733300,4095.38,4167.81,4025.03,3744.89,3366.88,56.67,86.11,94.7,-8.59,4258.72,4080.92,3903.11,224.13
2025-02-26,4244.0,4275.0,4133.0,4172.0,10047200,3996.71,4120.29,4032.38,3757.17,3371.73,48.66,70.86,89.93,-19.07,4244.06,4086.81,3929.55,220.95
2025-02-27,4180.0,4267.0,4175.0,4261.0,7890100,4081.97,4084.84,4043.8,3770.15,3377.15,54.63,64.9,84.93,-20.02,4242.07,4091.55,3941.03,224.47
2025-02-28,4219.0,4233.0,4146.0,4177.0,10960700,4001.5,4049.78,4052.54,3779.41,3381.88,48.85,53.08,78.56,-25.48,4243.3,4087.81,3932.33,219.23
2025-03-03,4228.0,4259.0,4194.0,4245.0,9074600,4066.64,4048.44,4063.35,3789.54,3387.03,53.17,48.41,72.53,-24.12,4241.22,4085.75,3930.29,221.96
2025-03-04,4256.0,4295.0,4165.0,4251.0,9442400,4072.39,4043.84,4073.5,3800.09,3392.14,53.54,44.65,66.95,-22.3,4237.51,4083.07,3928.63,222.42
2025-03-05,4111.0,4224.0,4111.0,4200.0,13221500,4023.53,4049.21,4079.29,3810.04,3396.82,49.91,37.31,61.02,-23.72,4236.76,4080.15,3923.54,217.36
2025-03-06,4231.0,4295.0,4223.0,4295.0,8639100,4114.54,4055.72,4084.38,3820.78,3402.1,55.91,38.39,56.5,-18.11,4239.84,4082.78,3925.73,221.22
2025-03-07,4225.0,4235.0,4177.0,4179.0,9921000,4003.42,4056.1,4081.47,3829.65,3406.49,48.3,29.93,51.18,-21.25,4240.79,4080.82,3920.85,214.03
2025-03-10,4184.0,4193.0,4114.0,4114.0,7123800,3941.15,4031.01,4074.8,3837.1,3410.36,44.63,17.99,44.54,-26.55,4246.22,4075.41,3904.59,212.28
2025-03-11,3974.0,3988.0,3846.0,3962.0,21333700,3795.53,3975.63,4061.58,3839.61,3413.13,37.47,-3.18,35.0,-38.18,4272.94,4065.92,3858.91,207.26
2025-03-12,3992.0,4087.0,3991.0,4057.0,9478500,3886.54,3948.24,4053.77,3843.64,3416.51,43.57,-12.47,25.51,-37.97,4279.81,4061.04,3842.26,213.28
2025-03-13,4100.0,4151.0,4090.0,4128.0,8114100,3954.56,3916.24,4049.48,3847.38,3420.33,47.67,-14.18,17.57,-31.75,4280.88,4059.22,3837.55,216.93
2025-03-14,4144.0,4219.0,4103.0,4202.0,10745900,4025.45,3920.65,4048.79,3852.54,3424.59,51.62,-9.7,12.11,-21.82,4277.03,4055.63,3834.22,220.32
2025-03-17,4252.0,4261.0,4215.0,4225.0,7445600,4047.48,3941.91,4048.71,3857.35,3428.95,52.81,-4.33,8.83,-13.15,4268.69,4050.88,3833.07,221.41
2025-03-18,4280.0,4326.0,4237.0,4311.0,10655400,4129.87,4008.78,4054.5,3863.43,3433.81,57.08,6.5,8.36,-1.86,4263.42,4049.02,3834.61,225.49
2025-03-19,4339.0,4359.0,4295.0,4337.0,9142400,4154.78,4062.43,4061.32,3870.05,3438.79,58.3,16.9,10.07,6.83,4248.21,4045.04,3841.87,225.75
2025-03-21,4344.0,4503.0,4334.0,4471.0,16355000,4283.15,4128.15,4073.0,3879.23,3444.57,64.01,35.1,15.08,20.02,4254.65,4046.24,3837.82,234.5
2025-03-24,4467.0,4471.0,4382.0,4382.0,7003000,4197.89,4162.63,4077.03,3887.95,3449.69,58.3,42.15,20.49,21.66,4258.53,4047.29,3836.05,231.17
2025-03-25,4410.0,4414.0,4303.0,4319.0,7318400,4137.53,4180.64,4076.84,3895.53,3454.34,54.59,42.39,24.87,17.52,4265.15,4050.5,3835.85,230.09
2025-03-26,4337.0,4355.0,4291.0,4355.0,7655700,4172.02,4189.07,4077.03,3902.83,3459.16,56.3,44.84,28.86,15.97,4274.71,4054.33,3833.95,229.19
2025-03-27,4350.0,4415.0,4326.0,4415.0,10120300,4229.5,4204.02,4076.84,3909.67,3464.29,59.07,50.83,33.26,17.57,4297.27,4065.97,3834.68,230.18
2025-03-28,4344.0,4345.0,4223.0,4240.0,11951300,4132.05,4173.8,4071.75,3914.63,3468.72,52.95,47.17,36.04,11.13,4301.49,4068.48,3835.47,222.45
2025-03-31,4100.0,4140.0,4021.0,4051.0,12428700,3947.86,4123.79,4062.59,3918.61,3471.87,43.72,29.08,34.65,-5.57,4303.02,4065.79,3828.56,215.06
2025-04-01,4121.0,4151.0,4021.0,4049.0,9757800,3945.91,4085.47,4057.49,3922.37,3474.97,43.63,14.41,30.6,-16.19,4302.67,4059.76,3816.85,214.21
2025-04-02,4048.0,4048.0,3969.0,4011.0,8258000,3908.88,4032.84,4050.03,3925.77,3477.78,41.93,-0.2,24.44,-24.64,4303.1,4051.58,3800.07,206.2
2025-04-03,3731.0,3796.0,3628.0,3692.0,27866000,3598.0,3906.54,4034.09,3924.9,3478.56,31.01,-36.44,12.27,-48.7,4350.37,4030.31,3710.24,211.53
2025-04-04,3434.0,3447.0,3175.0,3277.0,42288200,3193.56,3718.84,3998.55,3918.79,3476.73,22.72,-96.68,-9.52,-87.16,4466.51,3984.26,3502.0,226.64
2025-04-07,2697.0,2972.0,2688.5,2925.0,40197600,2850.53,3499.38,3952.51,3907.78,3472.74,18.26,-170.14,-41.65,-128.49,4616.73,3926.61,3236.49,246.53
2025-04-08,3235.0,3339.0,3233.0,3320.0,25158300,3235.47,3357.29,3919.26,3901.78,3471.24,33.93,-195.05,-72.33,-122.72,4644.18,3891.33,3138.48,263.81
2025-04-09,3227.0,3257.0,3135.0,3179.0,22900800,3098.06,3195.12,3880.29,3894.33,3468.9,31.6,-223.3,-102.52,-120.78,4684.67,3856.45,3028.24,253.68
2025-04-10,3660.0,3705.0,3419.0,3429.0,29326800,3341.69,3143.86,3853.02,3890.22,3468.1,39.53,-223.46,-126.71,-96.75,4686.99,3829.21,2971.43,278.91
2025-04-11,3219.0,3277.0,3145.0,3242.0,22375300,3159.46,3137.04,3814.81,3884.08,3466.18,36.15,-235.57,-148.48,-87.09,4692.8,3789.46,2886.11,273.04
2025-04-14,3252.0,3355.0,3250.0,3292.0,11725300,3208.18,3208.57,3783.0,3878.58,3464.59,37.69,-238.49,-166.48,-72.01,4679.07,3748.59,2818.11,267.5
2025-04-15,3383.0,3420.0,3340.0,3377.0,9953000,3291.02,3219.68,3757.0,3873.2,3463.53,40.31,-231.45,-179.48,-51.97,4651.02,3710.77,2770.52,263.53
2025-04-16,3430.0,3447.0,3267.0,3297.0,9707600,3213.06,3242.68,3733.7,3867.94,3462.0,38.66,-229.52,-189.49,-40.03,4608.37,3664.93,2721.49,257.56
2025-04-17,3307.0,3406.0,3285.0,3406.0,9003400,3319.28,3238.2,3711.01,3863.81,3461.13,42.13,-216.92,-194.97,-21.94,4549.98,3623.16,2696.33,252.94
2025-04-18,3451.0,3491.0,3430.0,3467.0,8735900,3378.73,3282.05,3687.98,3859.9,3460.64,44.04,-199.83,-195.94,-3.88,4458.65,3577.93,2697.22,247.14
2025-04-21,3420.0,3426.0,3357.0,3384.0,6958600,3297.84,3299.99,3658.87,3854.97,3459.66,42.01,-190.61,-194.88,4.26,4373.4,3532.93,2692.47,234.42
2025-04-22,3349.0,3375.0,3318.0,3323.0,9119600,3238.39,3289.46,3626.51,3848.81,3458.34,40.53,-185.96,-193.09,7.13,4289.56,3487.97,2686.39,223.18
2025-04-23,3450.0,3460.0,3371.0,3381.0,12598100,3294.92,3305.83,3593.11,3843.02,3457.38,42.6,-175.69,-189.61,13.92,4184.87,3444.12,2703.37,223.07
2025-04-24,3444.0,3475.0,3413.0,3454.0,10648200,3366.06,3315.19,3561.56,3838.43,3456.84,45.19,-159.97,-183.69,23.72,4048.34,3400.95,2753.56,220.0
2025-04-25,3510.0,3535.0,3459.0,3490.0,10543500,3401.14,3319.67,3526.28,3834.15,3456.52,46.47,-143.03,-175.55,32.53,3918.36,3364.4,2810.44,216.35
2025-04-28,3525.0,3570.0,3512.0,3550.0,10205500,3459.61,3352.02,3496.75,3829.57,3456.53,48.62,-123.46,-165.14,41.67,3828.06,3339.99,2851.92,212.96
2025-04-30,3550.0,3618.0,3546.0,3580.0,15239500,3488.85,3402.12,3470.8,3824.88,3456.72,49.71,-104.39,-152.99,48.59,3725.95,3317.14,2908.32,209.06
2025-05-01,3617.0,3618.0,3473.0,3514.0,11706300,3424.53,3428.04,3440.9,3819.94,3456.53,47.33,-93.39,-141.07,47.68,3604.46,3292.92,2981.38,204.49
2025-05-02,3482.0,3531.0,3385.0,3437.0,15183600,3349.49,3424.72,3405.7,3814.97,3455.92,44.65,-89.7,-130.79,41.1,3560.61,3280.49,3000.37,200.31
2025-05-07,3450.0,3520.0,3434.0,3500.0,11470100,3410.89,3426.67,3376.86,3811.36,3455.67,47.28,-80.88,-120.81,39.93,3574.0,3291.36,3008.72,198.18
2025-05-08,3488.0,3530.0,3455.0,3530.0,9482700,3440.12,3422.78,3356.55,3806.41,3455.58,48.54,-70.72,-110.79,40.07,3525.7,3320.84,3115.98,192.53
2025-05-09,3600.0,3668.0,3580.0,3668.0,16207000,3574.61,3439.93,3341.69,3803.36,3456.25,53.97,-51.23,-98.88,47.65,3566.36,3337.8,3109.24,195.06
2025-05-12,3722.0,3752.0,3652.0,3698.0,9086800,3603.85,3475.79,3329.49,3801.52,3457.07,55.08,-33.04,-85.71,52.68,3591.87,3363.09,3134.3,193.8
2025-05-13,3890.0,3902.0,3785.0,3785.0,13481200,3688.63,3543.62,3333.12,3799.86,3458.36,58.23,-11.64,-70.9,59.25,3649.21,3380.43,3111.65,201.25
2025-05-14,3845.0,3863.0,3793.0,3846.0,11153000,3748.08,3611.06,3355.3,3799.22,3459.96,60.33,9.99,-54.72,64.71,3703.2,3409.86,3116.53,199.33
2025-05-15,3849.0,3854.0,3738.0,3764.0,11149400,3668.17,3656.67,3388.01,3797.69,3461.1,56.24,20.45,-39.69,60.14,3731.43,3432.86,3134.3,193.38
2025-05-16,3771.0,3803.0,3660.0,3690.0,15299400,3596.05,3660.96,3402.43,3795.01,3461.84,52.76,22.66,-27.22,49.88,3747.3,3448.12,3148.93,189.78
2025-05-19,3650.0,3703.0,3618.0,3669.0,9153700,3575.58,3655.3,3421.53,3791.77,3462.46,51.78,22.5,-17.27,39.78,3749.78,3466.24,3182.7,183.86
2025-05-20,3697.0,3787.0,3693.0,3787.0,13843300,3690.58,3655.69,3435.48,3789.26,3463.69,56.65,31.29,-7.56,38.85,3775.95,3484.81,3193.66,185.83
2025-05-21,3927.0,4005.0,3844.0,3890.0,22134800,3790.96,3664.27,3460.74,3786.65,3465.45,60.4,45.83,3.12,42.71,3820.95,3505.42,3189.89,195.02
2025-05-22,3922.0,3925.0,3848.0,3868.0,9274300,3769.52,3684.54,3483.2,3782.56,3467.08,59.22,54.99,13.49,41.5,3849.42,3529.0,3208.58,190.66
2025-05-23,3898.0,3925.0,3871.0,3894.0,7522800,3794.85,3724.3,3503.35,3778.38,3468.82,60.21,63.56,23.51,40.05,3867.97,3556.82,3245.67,188.15
2025-05-26,3885.0,3912.0,3871.0,3907.0,5923800,3807.52,3770.69,3527.13,3774.14,3470.61,60.73,70.56,32.92,37.64,3887.48,3582.45,3277.43,183.08
2025-05-27,3894.0,3959.0,3884.0,3959.0,6250500,3858.2,3804.21,3548.69,3771.15,3472.65,62.79,79.29,42.19,37.09,3917.64,3607.06,3296.49,180.82
2025-05-28,4000.0,4029.0,3972.0,3981.0,9798900,3879.64,3821.95,3568.72,3768.72,3474.78,63.66,86.93,51.14,35.79,3948.08,3630.99,3313.89,180.1
2025-05-29,3980.0,4033.0,3964.0,4007.0,10909800,3904.98,3849.04,3593.01,3766.89,3477.02,64.72,93.95,59.7,34.24,3981.44,3653.26,3325.07,178.19
2025-05-30,3959.0,4024.0,3951.0,4002.0,14126300,3900.11,3870.09,3619.48,3764.9,3479.22,64.33,97.98,67.36,30.63,4009.67,3673.82,3337.97,173.97
2025-06-02,3983.0,3998.0,3944.0,3965.0,7820000,3864.05,3881.4,3642.24,3763.28,3481.2,61.41,97.16,73.32,23.84,4020.87,3695.79,3370.72,168.53
2025-06-03,3936.0,3956.0,3908.0,3947.0,6474900,3846.51,3879.06,3661.46,3761.45,3483.07,59.99,94.0,77.45,16.55,4010.06,3720.65,3431.23,163.06
2025-06-04,3985.0,4010.0,3973.0,3980.0,6028000,3878.67,3878.86,3680.56,3759.95,3485.09,61.74,93.02,80.57,12.45,4003.6,3744.03,3484.47,163.09
2025-06-05,3950.0,3954.0,3897.0,3917.0,7111600,3817.27,3861.32,3694.87,3756.22,3486.78,56.64,86.3,81.71,4.58,3983.24,3762.89,3542.54,156.82
2025-06-06,3932.0,3949.0,3923.0,3948.0,5201600,3847.48,3850.8,3709.21,3752.28,3488.6,58.46,82.46,81.86,0.59,3981.84,3776.54,3571.23,155.03
2025-06-09,4018.0,4055.0,4004.0,4032.0,10544700,3929.34,3863.85,3729.41,3749.11,3490.82,62.99,85.04,82.5,2.54,3992.3,3792.81,3593.32,158.78
2025-06-10,4026.0,4035.0,3943.0,3957.0,9169600,3856.25,3865.8,3749.68,3744.07,3492.64,57.01,80.26,82.05,-1.79,3996.51,3801.19,3605.87,154.99
2025-06-11,3969.0,3988.0,3935.0,3948.0,5641300,3847.48,3859.56,3767.14,3738.58,3498.19,56.32,74.9,80.62,-5.72,4000.88,3806.16,3611.44,153.33
2025-06-12,3967.0,3999.0,3952.0,3982.0,7531800,3880.61,3872.23,3784.76,3734.63,3503.35,58.37,72.49,78.99,-6.5,4003.23,3816.78,3630.33,153.2
2025-06-13,3994.0,4014.0,3877.0,3895.0,11692000,3795.83,3861.9,3793.61,3730.93,3507.62,51.68,63.02,75.8,-12.78,3983.96,3826.77,3669.58,152.04
2025-06-16,3892.0,3923.0,3873.0,3923.0,8840100,3823.12,3840.66,3802.38,3727.3,3512.26,53.53,57.05,72.05,-15.0,3946.29,3839.15,3732.01,150.26
2025-06-17,3939.0,3974.0,3924.0,3969.0,6366900,3867.95,3843.0,3809.55,3725.59,3517.13,56.47,55.3,68.7,-13.4,3931.17,3848.02,3764.86,150.31
2025-06-18,3930.0,3973.0,3922.0,3970.0,5866700,3868.92,3847.29,3814.39,3722.74,3522.1,56.54,53.38,65.64,-12.25,3931.23,3851.92,3772.6,147.08
2025-06-19,3983.0,3993.0,3943.0,3962.0,4555300,3861.12,3843.39,3822.1,3720.87,3527.2,55.82,50.64,62.64,-11.99,3926.25,3856.5,3786.74,145.43
2025-06-20,3953.0,4008.0,3936.0,3936.0,13552400,3835.79,3851.38,3831.69,3717.8,3531.98,53.47,45.9,59.29,-13.39,3923.15,3858.54,3793.93,145.54
2025-06-23,3929.0,3937.0,3881.0,3913.0,6295000,3813.37,3849.43,3841.2,3714.34,3537.02,51.4,39.88,55.41,-15.53,3922.57,3858.83,3795.1,142.37
2025-06-24,3959.0,4016.0,3943.0,4014.0,9010700,3911.8,3858.2,3850.05,3712.85,3542.52,58.91,42.55,52.84,-10.28,3929.29,3861.51,3793.73,146.67
2025-06-25,4020.0,4034.0,3927.0,3976.0,7968000,3874.77,3859.37,3853.41,3709.65,3547.77,55.44,41.21,50.51,-9.3,3928.82,3861.27,3793.72,144.93
2025-06-26,3970.0,3996.0,3946.0,3996.0,9007200,3894.26,3866.0,3858.4,3708.2,3553.21,56.88,41.24,48.66,-7.41,3927.05,3860.73,3794.42,143.23
2025-06-27,3964.0,4008.0,3941.0,3974.0,11524700,3872.82,3873.4,3861.51,3707.29,3558.48,54.78,39.09,46.74,-7.66,3923.48,3859.37,3795.27,141.13
2025-06-30,4005.0,4008.0,3949.0,3993.0,9745100,3891.33,3889.0,3864.87,3708.57,3563.62,56.28,38.43,45.08,-6.65,3926.32,3860.73,3795.15,140.7
2025-07-01,4010.0,4025.0,3952.0,4019.0,9009500,3916.67,3889.97,3867.21,3708.97,3568.51,58.32,39.5,43.96,-4.46,3933.8,3864.24,3794.69,140.2
2025-07-02,4027.0,4038.0,3977.0,3984.0,10392500,3882.56,3891.53,3867.32,3708.01,3574.0,54.63,37.17,42.61,-5.44,3934.17,3864.44,3794.7,138.85
2025-07-03,4009.0,4015.0,3954.0,3996.0,7369400,3894.26,3891.53,3866.89,3706.26,3579.6,55.67,35.85,41.25,-5.41,3935.64,3868.29,3800.93,138.39
2025-07-04,4049.0,4092.0,4025.0,4055.0,9662000,3951.76,3907.32,3868.96,3704.98,3585.67,60.45,38.99,40.8,-1.81,3949.23,3873.5,3797.77,142.63
2025-07-07,4037.0,4065.0,3944.0,3957.0,8355600,3856.25,3900.3,3868.65,3701.33,3591.66,50.67,33.39,39.32,-5.93,3941.38,3869.85,3798.31,141.09
2025-07-08,3930.0,3966.0,3907.0,3937.0,9214400,3836.76,3884.32,3868.26,3697.09,3597.58,48.93,27.07,36.87,-9.8,3941.64,3868.87,3796.1,138.85
2025-07-09,3989.0,3997.0,3921.0,3975.0,7332600,3873.79,3882.56,3868.06,3691.64,3603.98,52.28,24.76,34.45,-9.68,3942.31,3870.19,3798.06,140.38
2025-07-10,4000.0,4009.0,3970.0,4003.0,10083600,3901.08,3883.93,3871.41,3687.68,3610.23,54.64,24.85,32.53,-7.68,3944.47,3871.21,3797.95,140.01
2025-07-11,4005.0,4141.0,4004.0,4083.0,12562400,3979.04,3889.38,3876.68,3685.56,3616.96,60.64,30.86,32.2,-1.34,3959.24,3880.37,3801.5,147.14
2025-07-14,4038.0,4074.0,3990.0,4054.0,9468800,3950.78,3908.29,3877.53,3682.61,3623.85,57.66,32.95,32.35,0.61,3966.71,3886.75,3806.79,143.42
2025-07-15,4071.0,4164.0,4062.0,4078.0,9232400,3974.17,3935.77,3882.25,3679.21,3630.78,59.44,36.09,33.09,2.99,3980.03,3892.06,3804.1,148.4
2025-07-16,4078.0,4102.0,4033.0,4064.0,7226100,3960.53,3953.12,3886.77,3676.92,3637.33,57.91,37.04,33.88,3.16,3988.76,3896.65,3804.53,146.93
2025-07-17,4114.0,4133.0,4096.0,4107.0,8987400,4002.43,3973.39,3891.65,3677.65,3643.81,61.2,40.71,35.25,5.46,4005.06,3903.71,3802.37,148.76
2025-07-18,4127.0,4144.0,4105.0,4126.0,7616400,4020.95,3981.77,3900.65,3678.65,3650.47,62.6,44.6,37.12,7.48,4021.39,3912.97,3804.55,148.24
2025-07-22,4140.0,4187.0,4133.0,4182.0,7588200,4075.52,4006.72,3910.75,3680.87,3657.66,66.42,51.49,39.99,11.5,4045.94,3926.08,3806.21,149.52
2025-07-23,4300.0,4448.0,4277.0,4400.0,21485300,4287.97,4069.48,3927.55,3690.07,3665.55,76.49,73.25,46.65,26.61,4142.64,3944.88,3747.13,165.44
2025-07-24,4532.0,4590.0,4495.0,4553.0,19564900,4437.08,4164.79,3950.27,3706.65,3674.24,80.84,101.36,57.59,43.77,4261.81,3973.0,3684.19,175.2
2025-07-25,4523.0,4548.0,4498.0,4535.0,8476200,4419.53,4248.21,3972.61,3727.57,3682.27,78.99,120.83,70.24,50.59,4344.65,3999.26,3653.88,170.61
2025-07-28,4540.0,4548.0,4415.0,4418.0,8842900,4305.51,4305.12,3991.4,3741.84,3689.43,68.08,125.61,81.31,44.3,4385.56,4020.9,3656.24,167.92
2025-07-29,4402.0,4409.0,4357.0,4370.0,6287400,4258.74,4341.77,4009.21,3757.32,3696.55,64.17,124.19,89.89,34.3,4412.88,4039.27,3665.66,163.32
2025-07-30,4357.0,4392.0,4337.0,4385.0,6620300,4273.35,4338.84,4023.68,3769.74,3703.93,64.85,122.83,96.47,26.35,4439.55,4057.1,3674.66,161.17
2025-07-31,4390.0,4482.0,4388.0,4482.0,8402300,4367.88,4325.0,4043.4,3785.85,3711.55,68.95,127.9,102.76,25.14,4477.77,4081.37,3684.97,164.56
2025-08-01,4402.0,4452.0,4381.0,4452.0,12042500,4338.65,4308.83,4061.18,3800.92,3718.32,66.37,128.09,107.83,20.26,4505.33,4103.59,3701.85,158.82
2025-08-04,4242.0,4298.0,4220.0,4298.0,13015300,4188.57,4285.44,4073.81,3812.89,3724.78,54.99,114.8,109.22,5.58,4512.5,4115.43,3718.36,155.95
2025-08-05,4340.0,4403.0,4301.0,4395.0,8946700,4283.1,4290.31,4089.48,3827.16,3731.83,59.68,110.63,109.5,1.13,4521.52,4136.77,3752.02,160.13
2025-08-06,4425.0,4465.0,4422.0,4456.0,7113200,4342.55,4304.15,4106.51,3840.8,3739.08,62.34,110.84,109.77,1.07,4530.76,4162.06,3793.36,161.68
2025-08-07,4460.0,4510.0,4449.0,4503.0,8204800,4388.35,4308.24,4126.74,3854.26,3746.43,64.29,113.39,110.49,2.9,4544.04,4187.79,3831.54,162.09
2025-08-08,4529.0,4627.0,4521.0,4549.0,14353800,4433.18,4327.15,4148.3,3869.4,3753.78,66.14,117.68,111.93,5.75,4560.35,4214.39,3868.43,167.56
2025-08-12,4630.0,4744.0,4630.0,4700.0,14184700,4580.33,4405.5,4173.44,3887.29,3761.81,71.38,131.43,115.83,15.6,4607.47,4244.46,3881.45,177.79
2025-08-13,4728.0,4754.0,4650.0,4706.0,12570800,4586.18,4466.12,4202.64,3904.51,3769.54,71.57,141.18,120.9,20.28,4642.08,4276.23,3910.38,177.5
2025-08-14,4691.0,4760.0,4668.0,4738.0,9785100,4617.37,4521.08,4233.87,3921.19,3777.28,72.61,149.69,126.66,23.03,4675.45,4308.39,3941.33,177.24
2025-08-15,4785.0,4960.0,4780.0,4960.0,15981600,4833.71,4610.15,4272.26,3940.3,3786.22,78.47,171.92,135.71,36.21,4749.67,4352.05,3954.43,189.05
2025-08-18,4936.0,4949.0,4850.0,4850.0,9536300,4726.51,4668.82,4305.28,3957.19,3794.81,70.43,178.82,144.33,34.48,4783.8,4388.25,3992.71,183.78
2025-08-19,4898.0,4903.0,4751.0,4772.0,9148600,4650.5,4682.85,4332.14,3972.68,3803.22,65.32,176.12,150.69,25.43,4792.91,4419.73,4046.55,183.26
2025-08-20,4778.0,4855.0,4720.0,4810.0,6325300,4687.53,4703.12,4361.61,3989.52,3811.81,66.59,174.96,155.54,19.41,4805.53,4450.33,4095.13,184.78
2025-08-21,4804.0,4820.0,4773.0,4773.0,6120100,4651.47,4709.94,4388.7,4006.88,3820.29,64.12,169.17,158.27,10.9,4825.81,4468.5,4111.2,181.04
2025-08-22,4806.0,4849.0,4794.0,4817.0,6731600,4694.35,4682.07,4418.05,4023.99,3828.84,65.75,166.14,159.84,6.29,4851.51,4481.37,4111.22,182.22
2025-08-25,4887.0,4912.0,4811.0,4855.0,6855900,4731.39,4683.05,4447.21,4041.21,3837.16,67.13,164.82,160.84,3.98,4881.37,4496.96,4112.55,184.75
2025-08-26,4844.0,4869.0,4807.0,4833.0,18875200,4709.95,4694.94,4474.77,4056.34,3845.27,65.48,160.2,160.71,-0.51,4901.73,4517.18,4132.63,181.38
2025-08-27,4879.0,4883.0,4819.0,4819.0,8419200,4696.3,4696.69,4499.6,4070.91,3853.36,64.4,153.66,159.3,-5.64,4911.92,4539.06,4166.2,180.79
2025-08-28,4835.0,4907.0,4826.0,4907.0,9465500,4782.06,4722.81,4519.37,4085.49,3861.9,67.99,153.63,158.17,-4.54,4930.73,4564.5,4198.27,182.92
2025-08-29,4890.0,4924.0,4866.0,4895.0,7030700,4770.37,4738.01,4532.7,4099.12,3870.21,67.0,150.92,156.72,-5.79,4949.65,4584.62,4219.59,180.0
2025-09-01,4880.0,4883.0,4768.0,4795.0,7835000,4672.91,4726.32,4542.83,4112.52,3877.04,59.24,139.31,153.24,-13.93,4950.03,4601.33,4252.64,175.35
2025-09-02,4818.0,4837.0,4769.0,4834.0,7151400,4710.92,4726.51,4559.05,4127.38,3884.06,61.13,131.65,148.92,-17.27,4922.73,4627.45,4332.17,174.55
2025-09-03,4815.0,4820.0,4656.0,4672.0,12830200,4553.05,4697.86,4570.82,4140.41,3890.42,50.63,111.56,141.45,-29.89,4893.64,4640.95,4388.26,173.8
2025-09-04,4677.0,4813.0,4674.0,4794.0,7478500,4671.94,4675.84,4586.76,4153.5,3897.39,56.67,104.03,133.96,-29.93,4869.9,4657.42,4444.93,179.95
2025-09-05,4839.0,4870.0,4816.0,4859.0,8355100,4735.29,4668.82,4601.46,4166.09,3904.52,59.51,102.0,127.57,-25.57,4849.92,4674.77,4499.61,181.24
2025-09-08,4818.0,4891.0,4795.0,4891.0,8579100,4766.47,4687.53,4618.57,4179.38,3911.66,60.87,101.73,122.4,-20.67,4831.35,4691.43,4551.51,179.42
2025-09-09,4896.0,4904.0,4790.0,4815.0,8109900,4692.41,4683.83,4638.73,4191.35,3918.21,56.05,94.46,116.81,-22.36,4827.36,4697.03,4566.71,176.43
2025-09-10,4833.0,4918.0,4826.0,4908.0,9552700,4783.04,4729.83,4658.73,4204.36,3924.09,60.2,94.91,112.43,-17.52,4831.85,4706.88,4581.9,179.94
2025-09-11,4888.0,4891.0,4808.0,4828.0,7307300,4705.07,4736.46,4673.23,4215.65,3929.69,55.36,87.96,107.54,-19.58,4829.33,4711.26,4593.2,174.8
2025-09-12,4855.0,4884.0,4828.0,4861.0,9518400,4737.23,4736.84,4687.18,4227.08,3935.01,56.9,84.09,102.85,-18.76,4811.24,4706.44,4601.64,175.09
2025-09-16,4868.0,4874.0,4804.0,4826.0,7551600,4703.12,4724.17,4697.98,4237.72,3940.33,54.74,77.37,97.75,-20.39,4809.67,4705.27,4600.87,172.36
2025-09-17,4818.0,4818.0,4743.0,4776.0,7093600,4654.4,4716.57,4700.94,4247.78,3945.17,51.72,67.33,91.67,-24.33,4809.47,4705.46,4601.46,168.25
2025-09-18,4800.0,4803.0,4752.0,4762.0,5243300,4640.75,4688.11,4703.12,4258.14,3950.01,50.88,57.62,84.86,-27.24,4810.68,4703.12,4595.57,166.85
2025-09-19,4775.0,4894.0,4773.0,4844.0,13454400,4720.67,4691.23,4707.26,4269.79,3955.32,55.47,55.72,79.03,-23.31,4811.69,4706.58,4601.48,173.02
2025-09-22,4868.0,4947.0,4864.0,4932.0,8509700,4806.43,4705.07,4706.17,4282.16,3961.38,59.81,60.45,75.32,-14.87,4825.71,4712.19,4598.67,176.83
2025-09-24,5017.0,5072.0,4963.0,5010.0,12778000,4882.44,4740.94,4712.4,4296.37,3968.07,63.23,69.52,74.16,-4.63,4855.32,4719.74,4584.16,183.17
2025-09-25,5050.0,5111.0,5037.0,5070.0,10666200,4940.91,4798.24,4724.02,4310.94,3974.93,65.66,80.5,75.43,5.08,4897.46,4731.29,4565.12,186.41
2025-09-26,5070.0,5104.0,5043.0,5085.0,10443300,4955.53,4861.2,4734.74,4324.63,3981.58,66.25,89.36,78.21,11.14,4935.96,4744.25,4552.54,184.74
2025-09-29,5008.0,5009.0,4920.0,4920.0,8501000,4864.08,4889.88,4743.24,4338.06,3987.32,59.29,87.98,80.17,7.81,4946.52,4748.35,4550.18,177.9
2025-09-30,4944.0,5020.0,4895.0,4988.0,8170100,4931.31,4914.85,4752.72,4352.52,3993.18,62.42,91.26,82.38,8.88,4969.96,4756.4,4542.84,176.33
2025-10-01,4919.0,4929.0,4791.0,4797.0,10099800,4742.48,4886.86,4753.17,4364.01,3998.64,50.65,77.73,81.45,-3.73,4970.13,4759.88,4549.63,173.76
2025-10-02,4777.0,4813.0,4730.0,4730.0,7880700,4676.24,4833.93,4751.82,4375.75,4003.71,47.28,60.96,77.35,-16.4,4970.54,4758.14,4545.74,167.28
2025-10-03,4725.0,4825.0,4723.0,4800.0,5628200,4745.45,4791.91,4753.78,4388.04,4009.17,50.95,52.64,72.41,-19.77,4958.45,4767.76,4577.07,165.95
2025-10-06,4730.0,4824.0,4676.0,4790.0,11775300,4735.56,4766.21,4751.92,4399.61,4014.53,50.41,44.74,66.88,-22.14,4957.2,4770.94,4584.68,164.67
2025-10-07,4795.0,4824.0,4754.0,4754.0,7304400,4699.97,4719.94,4749.11,4410.69,4019.77,48.42,35.2,60.54,-25.34,4957.42,4769.18,4580.94,159.23
2025-10-08,4791.0,4885.0,4780.0,4864.0,8778900,4808.72,4733.19,4754.54,4423.33,4025.43,54.35,36.0,55.63,-19.64,4960.31,4771.29,4582.27,161.07
2025-10-09,4875.0,4891.0,4825.0,4870.0,6414000,4814.65,4760.87,4758.69,4436.38,4031.07,54.66,36.69,51.84,-15.16,4963.71,4777.4,4591.1,155.44
2025-10-10,4840.0,4845.0,4729.0,4756.0,8453700,4701.95,4752.17,4764.64,4448.23,4036.3,48.06,27.82,47.04,-19.22,4962.49,4773.35,4584.2,152.62
2025-10-14,4686.0,4700.0,4587.0,4633.0,10572800,4580.34,4721.13,4760.98,4457.14,4040.95,42.15,10.85,39.8,-28.95,4972.39,4767.11,4561.84,149.93
2025-10-15,4655.0,4708.0,4637.0,4692.0,6893500,4638.67,4708.87,4757.12,4467.33,4046.05,45.61,2.09,32.26,-30.17,4974.7,4762.18,4549.67,148.34
2025-10-16,4761.0,4787.0,4727.0,4760.0,5231400,4705.9,4688.3,4754.69,4478.15,4051.47,49.36,0.56,25.92,-25.36,4974.69,4762.32,4549.96,148.34
2025-10-17,4646.0,4653.0,4569.0,4569.0,9617000,4517.07,4628.79,4747.68,4486.74,4055.58,40.84,-15.71,17.59,-33.3,4989.14,4755.46,4521.77,147.52
2025-10-20,4666.0,4867.0,4658.0,4852.0,11794100,4796.85,4647.77,4748.23,4498.81,4061.53,53.62,-5.95,12.88,-18.84,4991.47,4763.26,4535.06,161.98
2025-10-21,4920.0,4948.0,4875.0,4903.0,11555000,4847.28,4701.15,4753.92,4511.22,4067.62,55.48,5.78,11.46,-5.68,4999.73,4769.59,4539.45,161.21
2025-10-22,4859.0,4933.0,4853.0,4910.0,6626800,4854.2,4744.26,4758.6,4524.17,4073.53,55.75,15.46,12.26,3.2,5004.58,4771.98,4539.38,155.82
2025-10-23,4876.0,4909.0,4843.0,4868.0,5833200,4812.67,4765.61,4762.98,4536.42,4079.26,53.7,19.55,13.72,5.83,4996.41,4768.49,4540.58,149.4
2025-10-24,4881.0,4897.0,4852.0,4885.0,5673400,4829.48,4828.1,4769.98,4548.12,4084.9,54.43,23.88,15.75,8.13,4978.84,4762.92,4547.0,144.75
2025-10-27,4950.0,4978.0,4932.0,4962.0,6216200,4905.6,4849.85,4780.58,4562.11,4090.79,57.69,33.07,19.22,13.85,4968.38,4760.42,4552.47,145.02
2025-10-28,4963.0,5013.0,4938.0,4982.0,7708500,4925.38,4865.47,4788.77,4576.63,4096.86,58.51,41.47,23.67,17.8,4979.13,4763.49,4547.85,142.33
2025-10-29,5031.0,5041.0,4971.0,5000.0,7531200,4943.17,4883.26,4794.24,4590.89,4102.97,59.29,49.0,28.73,20.26,4981.62,4764.08,4546.54,140.43
2025-10-30,5071.0,5115.0,5037.0,5110.0,21834300,5051.92,4931.11,4801.02,4606.23,4109.21,63.74,63.01,35.59,27.42,5030.24,4779.55,4528.87,142.67
2025-10-31,5099.0,5149.0,5072.0,5149.0,9999900,5090.48,4983.31,4807.0,4621.05,4115.46,65.19,76.35,43.74,32.61,5080.14,4800.27,4520.39,139.41
2025-11-04,5132.0,5161.0,5068.0,5120.0,8401000,5061.81,5014.55,4811.25,4635.87,4121.79,63.17,83.64,51.72,31.92,5116.76,4816.08,4515.4,136.1
2025-11-05,5070.0,5074.0,4847.0,5022.0,13411100,4964.92,5022.46,4815.28,4649.08,4128.01,56.75,80.67,57.51,23.16,5132.54,4827.55,4522.57,142.59
2025-11-06,5050.0,5148.0,5035.0,5129.0,7949800,5070.71,5047.97,4820.86,4663.88,4134.95,61.36,85.87,63.18,22.69,5162.65,4846.09,4529.53,145.48
2025-11-07,5055.0,5096.0,4997.0,5046.0,7065500,4988.65,5035.31,4830.71,4677.03,4140.84,56.34,82.41,67.03,15.38,5177.07,4855.08,4533.1,142.16
2025-11-10,5096.0,5101.0,5035.0,5080.0,5699400,5022.26,5021.67,4844.55,4690.38,4146.93,57.86,81.45,69.91,11.54,5194.87,4865.47,4536.07,140.03
2025-11-11,5141.0,5149.0,5021.0,5066.0,5703800,5008.42,5010.99,4855.07,4702.82,4153.27,56.98,78.66,71.66,7.0,5206.83,4880.79,4554.75,139.17
2025-11-12,5138.0,5203.0,5106.0,5182.0,12117700,5123.1,5042.63,4870.57,4713.95,4159.82,62.12,84.73,74.27,10.45,5219.45,4907.93,4596.4,143.13
2025-11-13,5240.0,5340.0,5235.0,5314.0,9000500,5253.6,5079.21,4892.71,4724.84,4167.1,66.97,98.92,79.2,19.72,5259.09,4938.67,4618.26,148.4
2025-11-14,5240.0,5345.0,5211.0,5300.0,9445300,5239.76,5129.43,4909.95,4735.78,4174.39,66.0,107.82,84.93,22.89,5292.64,4965.37,4638.09,147.37
2025-11-17,5400.0,5484.0,5270.0,5286.0,13002400,5225.92,5170.16,4926.4,4748.05,4181.53,65.0,112.45,90.43,22.02,5275.52,5000.81,4726.1,154.29
2025-11-18,5200.0,5245.0,5046.0,5046.0,11684300,4988.65,5166.21,4937.87,4757.78,4187.38,50.71,95.87,91.52,4.35,5268.87,5010.4,4751.92,157.48
2025-11-19,5085.0,5143.0,4995.0,5033.0,9058800,4975.8,5136.75,4953.69,4767.15,4192.87,50.07,80.77,89.37,-8.6,5264.94,5016.82,4768.71,157.26
2025-11-20,5123.0,5198.0,5120.0,5159.0,7442500,5100.37,5106.1,4972.16,4776.91,4198.44,55.9,77.95,87.09,-9.14,5268.01,5029.13,4790.26,161.9
2025-11-21,5059.0,5194.0,5053.0,5163.0,11585300,5104.32,5079.01,4988.1,4787.12,4203.58,56.07,75.17,84.7,-9.53,5262.74,5043.72,4824.69,160.41
2025-11-25,5216.0,5266.0,5169.0,5261.0,9996300,5201.21,5074.07,5015.46,4800.62,4209.04,60.24,79.86,83.73,-3.87,5268.14,5062.3,4856.46,160.5
2025-11-26,5339.0,5495.0,5313.0,5476.0,12324600,5413.76,5159.09,5040.14,4815.7,4215.48,67.52,99.58,86.9,12.68,5331.8,5087.71,4843.62,170.02
2025-11-27,5500.0,5555.0,5445.0,5458.0,8753900,5395.97,5243.13,5062.09,4829.74,4222.05,66.43,112.48,92.02,20.46,5377.89,5111.24,4844.59,167.96
2025-11-28,5460.0,5518.0,5442.0,5473.0,6650200,5410.8,5305.21,5084.35,4843.38,4228.8,66.91,122.49,98.11,24.37,5419.6,5134.62,4849.64,164.68
2025-12-01,5510.0,5593.0,5470.0,5501.0,10529600,5438.48,5372.04,5109.38,4856.78,4235.78,67.84,131.14,104.72,26.42,5465.1,5153.95,4842.8,165.93
2025-12-02,5588.0,5655.0,5551.0,5619.0,9739700,5555.14,5442.83,5138.41,4869.78,4243.3,71.47,145.73,112.92,32.81,5532.21,5177.18,4822.16,169.55
2025-12-03,5649.0,5654.0,5546.0,5546.0,7992300,5482.97,5456.67,5161.5,4881.74,4250.79,66.47,149.74,120.29,29.46,5572.82,5198.24,4823.66,165.15
2025-12-04,5563.0,5664.0,5536.0,5664.0,7671400,5599.63,5497.4,5188.47,4894.83,4258.87,70.11,160.49,128.33,32.16,5626.98,5229.98,4832.97,166.28
2025-12-05,5613.0,5673.0,5564.0,5663.0,8928500,5598.64,5534.97,5214.69,4905.03,4266.91,70.04,167.0,136.06,30.94,5677.01,5256.37,4835.73,162.19
2025-12-08,5650.0,5678.0,5612.0,5666.0,7724100,5601.6,5567.6,5236.68,4916.7,4274.43,70.14,170.43,142.93,27.5,5714.43,5287.02,4859.61,156.28
2025-12-09,5680.0,5699.0,5641.0,5648.0,6285700,5583.81,5573.33,5256.41,4929.14,4281.64,68.72,169.76,148.3,21.46,5743.03,5315.1,4887.17,152.07
2025-12-10,5600.0,5649.0,5571.0,5635.0,8136500,5570.96,5590.93,5276.78,4940.92,4288.66,67.66,166.27,151.89,14.38,5760.65,5343.22,4925.8,146.78
2025-12-11,5684.0,5714.0,5571.0,5571.0,7678900,5507.68,5572.54,5298.49,4952.34,4295.02,62.53,156.6,152.84,3.76,5772.92,5362.45,4951.99,146.51
2025-12-12,5640.0,5736.0,5635.0,5721.0,12628700,5655.98,5584.01,5321.9,4965.16,4302.01,68.55,159.07,154.08,4.98,5808.86,5382.57,4956.28,152.36
2025-12-15,5748.0,5878.0,5747.0,5852.0,9451200,5785.49,5620.78,5353.77,4979.21,4310.05,72.67,169.52,157.17,12.35,5864.98,5409.86,4954.74,157.33
2025-12-16,5860.0,5876.0,5640.0,5640.0,12771800,5575.9,5619.2,5375.92,4990.76,4317.56,59.15,159.05,157.55,1.51,5879.75,5427.36,4974.97,162.95
2025-12-17,5686.0,5725.0,5613.0,5652.0,8265800,5587.76,5622.56,5399.09,5002.65,4325.02,59.61,149.99,156.03,-6.04,5866.85,5457.31,5047.77,161.96
2025-12-18,5618.0,5678.0,5600.0,5600.0,7222900,5536.35,5628.3,5415.62,5012.7,4332.72,56.64,137.08,152.24,-15.17,5830.97,5485.34,5139.71,156.84
2025-12-19,5617.0,5714.0,5608.0,5626.0,11988100,5562.06,5609.51,5427.96,5023.26,4340.12,57.77,127.45,147.29,-19.83,5806.52,5508.43,5210.33,158.33
2025-12-22,5756.0,5781.0,5705.0,5705.0,7312800,5640.16,5580.45,5443.98,5036.16,4348.32,61.09,124.69,142.77,-18.08,5773.55,5535.22,5296.88,162.66
2025-12-23,5734.0,5794.0,5722.0,5770.0,6701700,5704.42,5606.15,5463.12,5049.4,4356.51,63.63,126.22,139.46,-13.23,5754.5,5560.38,5366.25,162.03
2025-12-24,5770.0,5784.0,5686.0,5714.0,4848700,5649.06,5618.41,5489.53,5064.02,4364.39,60.0,121.58,135.88,-14.31,5757.63,5572.14,5386.66,157.45
2025-12-25,5740.0,5741.0,5676.0,5698.0,2825200,5633.24,5637.79,5515.83,5076.83,4372.44,58.97,115.29,131.76,-16.48,5752.47,5584.01,5415.54,152.77
2025-12-26,5706.0,5712.0,5634.0,5667.0,4903400,5602.59,5645.89,5535.92,5088.4,4379.88,56.92,106.6,126.73,-20.13,5742.19,5593.6,5445.0,147.49
2025-12-29,5658.0,5720.0,5632.0,5707.0,4766200,5642.14,5646.29,5557.43,5100.07,4388.07,58.9,101.73,121.73,-20.0,5735.41,5603.78,5472.15,145.34
2025-12-30,5682.0,5752.0,5667.0,5700.0,5571000,5635.22,5632.45,5574.79,5112.64,4396.54,58.4,96.21,116.63,-20.42,5738.11,5607.78,5477.45,142.8
2026-01-05,5780.0,5874.0,5775.0,5874.0,9155500,5807.24,5664.09,5590.53,5126.3,4406.6,66.18,104.51,114.2,-9.69,5768.13,5624.0,5479.86,149.66
2026-01-06,6001.0,6172.0,6001.0,6172.0,12915200,6101.85,5757.81,5618.77,5144.92,4417.68,74.86,133.32,118.03,15.29,5901.7,5649.11,5396.51,165.02
2026-01-07,6143.0,6188.0,6103.0,6137.0,8920500,6067.25,5850.74,5645.02,5162.66,4428.24,72.5,151.62,124.74,26.87,5982.48,5672.54,5362.59,159.39
2026-01-08,6090.0,6129.0,6033.0,6060.0,8272500,5991.13,5920.54,5667.13,5179.83,4438.07,67.48,158.15,131.42,26.72,6029.42,5692.01,5354.61,154.86
2026-01-09,6147.0,6290.0,6122.0,6195.0,11655300,6124.59,6018.41,5689.91,5199.43,4448.45,71.24,172.11,139.56,32.55,6101.15,5719.05,5336.95,165.15
2026-01-13,6504.0,6575.0,6439.0,6529.0,12879900,6454.8,6147.92,5728.78,5223.62,4460.08,78.02,207.43,153.14,54.29,6255.25,5763.25,5271.24,185.52
2026-01-14,6575.0,6726.0,6548.0,6726.0,12213900,6649.56,6257.47,5770.78,5249.34,4472.55,80.88,248.27,172.16,76.11,6431.14,5820.34,5209.54,191.64
2026-01-15,6700.0,6806.0,6644.0,6766.0,13648400,6689.1,6381.84,5814.4,5274.44,4484.58,81.41,280.6,193.85,86.75,6584.7,5872.0,5159.29,189.53
2026-01-16,6790.0,6905.0,6767.0,6849.0,10428700,6771.16,6537.84,5861.18,5299.62,4497.45,82.49,309.28,216.94,92.34,6732.72,5921.28,5109.84,191.41
2026-01-19,6849.0,6856.0,6735.0,6856.0,8141600,6778.08,6668.54,5908.95,5324.12,4510.65,82.59,328.77,239.3,89.47,6857.14,5981.39,5105.63,186.38
2026-01-20,6856.0,6889.0,6786.0,6826.0,8467800,6748.42,6727.26,5956.05,5348.03,4523.53,80.63,337.93,259.03,78.9,6956.02,6039.42,5122.82,180.99
2026-01-21,6680.0,6698.0,6547.0,6557.0,14882500,6482.48,6693.85,5995.04,5369.6,4534.8,65.6,320.04,271.23,48.81,6992.18,6086.73,5181.27,182.45
2026-01-22,6738.0,6766.0,6588.0,6609.0,9042200,6533.89,6662.81,6030.16,5390.97,4546.81,66.89,306.48,278.28,28.2,7027.14,6135.32,5243.5,189.67
2026-01-23,6650.0,6783.0,6641.0,6731.0,7911600,6654.5,6639.47,6064.92,5416.47,4560.34,69.74,301.98,283.02,18.96,7074.81,6186.04,5297.26,193.92
2026-01-26,6550.0,6640.0,6523.0,6523.0,8275700,6448.86,6573.63,6099.84,5440.1,4572.86,60.21,278.61,282.14,-3.53,7090.33,6223.26,5356.19,189.46
2026-01-27,6500.0,6609.0,6441.0,6582.0,8730500,6507.19,6525.38,6136.61,5463.59,4585.85,61.81,261.78,278.07,-16.29,7099.61,6266.16,5432.72,187.92
2026-01-28,6625.0,6648.0,6546.0,6613.0,8169100,6537.84,6536.46,6176.67,5487.62,4600.55,62.65,248.06,272.06,-24.01,7099.48,6311.39,5523.3,184.56
2026-01-29,6649.0,6723.0,6571.0,6673.0,9675600,6597.16,6549.11,6218.08,5512.92,4617.56,64.3,239.21,265.49,-26.28,7087.1,6361.12,5635.14,184.6
2026-01-30,6648.0,6787.0,6628.0,6783.0,10219100,6705.91,6559.39,6260.71,5538.21,4636.84,67.17,238.23,260.04,-21.81,7074.7,6414.31,5753.92,184.98
2026-02-02,6858.0,6905.0,6560.0,6560.0,11629000,6485.44,6566.71,6291.95,5560.49,4653.09,57.16,217.15,251.46,-34.31,7012.25,6456.82,5901.39,196.41
2026-02-03,6800.0,6974.0,6761.0,6961.0,13139200,6881.89,6641.65,6341.26,5589.56,4672.01,66.75,229.8,247.13,-17.33,7009.25,6510.55,6011.86,217.27
2026-02-04,6977.0,7275.0,6898.0,7252.0,16810100,7169.58,6768.0,6402.71,5624.08,4691.15,71.7,260.03,249.71,10.32,7103.16,6563.94,6024.72,229.83
2026-02-05,7300.0,7383.0,7097.0,7111.0,12418100,7030.18,6854.6,6459.82,5655.97,4710.5,66.53,269.64,253.69,15.94,7137.08,6612.09,6087.09,233.85
2026-02-06,7090.0,7347.0,7043.0,7347.0,11526100,7263.5,6966.12,6524.67,5690.07,4730.78,70.38,292.7,261.5,31.2,7192.6,6675.71,6158.81,239.77
2026-02-09,7572.0,7575.0,7416.0,7559.0,14275900,7473.09,7163.65,6598.19,5729.48,4751.69,73.35,324.15,274.03,50.13,7304.75,6743.13,6181.52,244.9
2026-02-10,7650.0,7861.0,7635.0,7818.0,16422600,7729.15,7333.1,6675.06,5768.58,4774.27,76.45,365.53,292.33,73.2,7497.49,6806.85,6116.2,255.11
2026-02-12,7751.0,7960.0,7712.0,7867.0,13311800,7777.59,7454.7,6742.09,5807.65,4796.56,77.0,397.65,313.39,84.25,7668.1,6863.25,6058.4,254.6
2026-02-13,7716.0,7865.0,7681.0,7681.0,11662300,7593.7,7567.41,6803.15,5844.18,4817.64,70.34,403.61,331.44,72.17,7768.86,6908.48,6048.1,249.56
2026-02-16,7588.0,7595.0,7273.0,7275.0,14440500,7192.32,7553.17,6851.2,5875.9,4837.11,58.45,371.66,339.48,32.18,7796.04,6929.54,6063.04,254.73
2026-02-17,7270.0,7343.0,7000.0,7000.0,14500800,6920.44,7442.64,6883.03,5903.78,4855.52,52.03,320.71,335.73,-15.02,7800.39,6936.66,6072.92,261.04
2026-02-18,7119.0,7174.0,6984.0,7033.0,10730900,6953.07,7287.42,6902.96,5931.08,4873.81,52.7,279.73,324.53,-44.79,7806.3,6946.89,6087.48,260.5
2026-02-19,7100.0,7352.0,7090.0,7307.0,10124900,7223.95,7176.7,6925.94,5961.73,4893.1,57.96,266.05,312.83,-46.78,7823.79,6983.96,6144.13,270.39
2026-02-20,7265.0,7270.0,7104.0,7175.0,8727500,7093.45,7076.65,6942.11,5990.4,4911.56,54.8,241.89,298.64,-56.75,7826.84,7011.94,6197.04,262.94
2026-02-24,7051.0,7091.0,6909.0,6930.0,11914400,6851.24,7008.43,6945.32,6014.39,4928.52,49.42,200.88,279.09,-78.21,7823.83,7021.78,6219.72,257.33
2026-02-25,6850.0,6910.0,6576.0,6643.0,18690000,6567.5,6937.84,6936.89,6034.09,4943.91,43.96,143.83,252.04,-108.21,7814.33,7027.71,6241.09,262.81
2026-02-26,6789.0,7046.0,6788.0,6983.0,13650200,6903.64,6927.96,6943.1,6058.64,4961.31,50.88,124.31,226.49,-102.19,7799.92,7047.53,6295.14,278.21
2026-02-27,6983.0,7151.0,6912.0,7151.0,13390200,7069.73,6897.11,6966.59,6086.71,4979.91,53.9,120.84,205.36,-84.52,7789.25,7074.13,6359.0,276.01
2026-03-02,6751.0,6892.0,6657.0,6810.0,13087500,6732.6,6824.94,6974.54,6108.87,4996.52,47.51,89.86,182.26,-92.4,7780.22,7080.9,6381.58,285.77
2026-03-03,6638.0,6768.0,6488.0,6500.0,18186900,6426.12,6739.92,6965.41,6128.03,5011.45,42.56,40.11,153.83,-113.72,7805.75,7066.91,6328.06,285.36
2026-03-04,6335.0,6465.0,6024.0,6120.0,17258800,6050.44,6636.51,6949.47,6141.74,5023.83,37.42,-29.29,117.21,-146.5,7871.61,7045.16,6218.71,296.48
2026-03-05,6553.0,6714.0,6444.0,6510.0,16092900,6436.01,6542.98,6946.62,6160.78,5037.99,44.79,-52.57,83.25,-135.83,7888.84,7022.86,6156.89,322.7
2026-03-06,6382.0,6567.0,6324.0,6552.0,9149000,6477.53,6424.54,6944.21,6178.83,5051.93,45.54,-66.9,53.22,-120.12,7882.86,6988.26,6093.67,317.01
2026-03-09,6052.0,6223.0,5995.0,6176.0,17551200,6105.81,6299.18,6924.56,6190.2,5063.72,40.3,-107.02,21.17,-128.19,7915.26,6942.04,5968.83,328.83
2026-03-10,6296.0,6518.0,6296.0,6451.0,13181500,6377.68,6289.49,6911.43,6205.37,5077.27,45.26,-115.55,-6.17,-109.38,7888.88,6897.75,5906.63,334.78
2026-03-11,6480.0,6554.0,6334.0,6354.0,8649500,6281.78,6335.76,6903.28,6219.45,5090.7,43.87,-128.56,-30.65,-97.91,7827.04,6838.19,5849.34,326.59
2026-03-12,6300.0,6310.0,6039.0,6187.0,11871600,6116.68,6271.9,6872.67,6234.49,5103.4,41.52,-150.46,-54.61,-95.85,7704.76,6757.56,5810.37,322.61
2026-03-13,5950.0,6136.0,5950.0,6136.0,14003800,6066.26,6189.64,6828.54,6249.03,5115.28,40.8,-169.92,-77.67,-92.25,7541.12,6672.0,5802.87,312.86
2026-03-16,6036.0,6125.0,6011.0,6095.0,7155700,6025.73,6173.63,6788.36,6261.37,5126.46,40.2,-186.47,-99.43,-87.04,7396.36,6593.6,5790.84,298.65
2026-03-17,6195.0,6260.0,6076.0,6130.0,5600600,6060.33,6110.16,6740.23,6274.11,5137.91,41.0,-194.55,-118.46,-76.09,7322.36,6537.0,5751.64,294.05
2026-03-18,6272.0,6343.0,6208.0,6320.0,7695600,6248.17,6103.43,6691.24,6288.07,5150.18,45.29,-183.68,-131.5,-52.18,7277.69,6503.39,5729.08,293.24
2026-03-19,6120.0,6226.0,6102.0,6150.0,10440600,6080.1,6096.12,6625.27,6296.96,5161.54,42.32,-186.48,-142.5,-43.98,7226.1,6459.74,5693.37,282.74
2026-03-23,5890.0,5973.0,5834.0,5929.0,9534100,5861.61,6055.19,6548.64,6303.17,5171.56,38.77,-203.97,-154.79,-49.18,7115.16,6391.62,5668.08,280.12
2026-03-24,6150.0,6193.0,6052.0,6159.0,7093000,6089.0,6067.84,6488.45,6312.21,5182.6,44.04,-197.22,-163.28,-33.94,6999.59,6341.4,5683.21,283.78
2026-03-25,6388.0,6484.0,6351.0,6421.0,10547400,6348.02,6125.38,6454.68,6324.34,5194.82,49.38,-169.01,-164.42,-4.59,6931.63,6316.24,5700.85,291.73
2026-03-26,6469.0,6497.0,6297.0,6368.0,6873400,6295.62,6134.87,6429.68,6334.21,5206.8,48.37,-149.17,-161.37,12.2,6907.15,6302.64,5698.14,285.17
2026-03-27,6330.0,6402.0,6272.0,6379.0,9881900,6306.5,6180.15,6403.82,6345.19,5219.01,48.61,-131.05,-155.31,24.25,6810.95,6272.79,5734.62,274.09
2026-03-30,6007.0,6158.0,5981.0,6135.0,9532400,6135.0,6234.83,6360.26,6352.33,5230.45,45.13,-129.05,-150.06,21.01,6623.11,6226.05,5828.99,277.76
2026-03-31,6035.0,6297.0,5996.0,6087.0,8401500,6087.0,6234.43,6320.0,6358.84,5241.49,44.18,-129.84,-146.01,16.18,6519.41,6193.77,5868.13,279.42
2026-04-01,6387.0,6630.0,6345.0,6609.0,12619800,6609.0,6286.62,6310.31,6372.27,5255.45,55.24,-87.33,-134.28,46.94,6562.62,6202.91,5843.2,298.25
2026-04-02,6709.0,6713.0,6392.0,6424.0,9146400,6424.0,6312.3,6304.57,6383.47,5268.33,51.35,-67.8,-120.98,53.18,6586.45,6221.59,5856.73,299.87
2026-04-03,6520.0,6558.0,6391.0,6468.0,4409300,6468.0,6344.6,6287.15,6395.43,5281.03,52.22,-48.21,-106.43,58.22,6592.05,6223.19,5854.33,290.38
2026-04-06,6484.0,6549.0,6439.0,6475.0,5167300,6475.0,6412.6,6263.36,6408.33,5294.12,52.36,-31.75,-91.49,59.74,6591.58,6223.06,5854.55,277.5
2026-04-07,6524.0,6584.0,6499.0,6539.0,5294000,6539.0,6503.0,6255.62,6420.1,5307.58,53.74,-13.39,-75.87,62.48,6633.49,6244.72,5855.96,265.46
2026-04-08,6839.0,6950.0,6729.0,6946.0,14670500,6946.0,6570.4,6276.41,6435.58,5322.9,61.38,33.61,-53.97,87.59,6765.82,6273.14,5780.46,275.86
2026-04-09,6922.0,6938.0,6706.0,6730.0,9676300,6730.0,6631.6,6303.59,6450.97,5337.58,56.08,52.83,-32.61,85.44,6827.01,6295.55,5764.09,273.3
2026-04-10,6791.0,6809.0,6711.0,6786.0,6848600,6786.0,6695.2,6317.59,6466.94,5352.39,57.12,71.75,-11.74,83.49,6894.42,6329.02,5763.61,260.78
2026-04-13,6770.0,6851.0,6701.0,6735.0,6715800,6735.0,6747.2,6327.89,6482.92,5366.72,55.83,81.68,6.94,74.74,6940.7,6362.45,5784.21,252.86
2026-04-14,6835.0,6858.0,6728.0,6790.0,7541600,6790.0,6797.4,6355.26,6499.3,5381.33,56.95,92.92,24.14,68.78,6985.82,6400.67,5815.51,244.09
2026-04-15,6990.0,7059.0,6904.0,6955.0,10748300,6955.0,6799.2,6378.35,6516.83,5396.8,60.23,113.83,42.08,71.76,7055.89,6445.4,5834.91,245.87
2026-04-16,6980.0,7029.0,6872.0,6872.0,9620500,6872.0,6827.6,6401.96,6532.4,5411.98,57.85,122.3,58.12,64.18,7107.0,6476.59,5846.18,239.52
2026-04-17,6853.0,6863.0,6700.0,6768.0,9186000,6768.0,6824.0,6428.01,6547.32,5426.75,54.91,119.24,70.35,48.89,7125.99,6510.99,5895.98,234.7
2026-04-20,6868.0,6888.0,6775.0,6775.0,6356700,6775.0,6832.0,6456.36,6562.54,5441.07,55.08,116.04,79.49,36.56,7103.91,6556.66,6009.4,226.5
2026-04-21,6752.0,6775.0,6625.0,6647.0,7503700,6647.0,6803.4,6481.21,6576.46,5454.93,51.37,102.01,83.99,18.02,7088.81,6584.56,6080.31,221.04
2026-04-22,6601.0,6664.0,6552.0,6613.0,7751100,6613.0,6735.0,6503.32,6589.41,5468.52,50.4,87.13,84.62,2.52,7090.29,6597.81,6105.33,213.25
2026-04-23,6593.0,6601.0,6467.0,6482.0,7429300,6482.0,6657.0,6512.67,6600.7,5481.57,46.73,64.04,80.5,-16.46,7083.16,6607.12,6131.09,208.45
2026-04-24,6556.0,6556.0,6389.0,6427.0,6579700,6427.0,6588.8,6526.55,6608.96,5494.25,45.25,40.83,72.57,-31.74,7076.7,6613.15,6149.6,205.49
2026-04-27,6430.0,6663.0,6350.0,6598.0,9071000,6598.0,6553.4,6556.01,6615.58,5507.66,50.52,35.82,65.22,-29.4,7045.02,6636.3,6227.58,213.17
2026-04-28,6659.0,6966.0,6598.0,6936.0,13923800,6936.0,6611.2,6589.89,6627.16,5522.92,58.94,58.44,63.86,-5.42,7021.48,6678.75,6336.02,224.23
2026-04-30,6918.0,6919.0,6609.0,6722.0,10641200,6722.0,6633.0,6604.84,6636.91,5537.06,52.81,58.44,62.78,-4.34,7026.07,6684.4,6342.73,231.57
2026-05-01,6677.0,6731.0,6584.0,6704.0,7112700,6704.0,6677.4,6621.18,6644.63,5550.82,52.32,56.33,61.49,-5.16,7018.51,6698.4,6378.29,225.53
2026-05-07,6904.0,6980.0,6791.0,6926.0,11688900,6926.0,6777.2,6645.96,6650.91,5566.17,57.57,71.75,63.54,8.21,7037.71,6721.3,6404.89,229.13
2026-05-08,6790.0,6807.0,6624.0,6771.0,10189400,6771.0,6811.8,6671.4,6652.53,5580.84,53.17,70.64,64.96,5.68,7032.07,6736.1,6440.13,234.34
2026-05-11,6871.0,6968.0,6774.0,6890.0,9143400,6890.0,6802.6,6703.52,6655.21,5595.92,55.95,78.46,67.66,10.8,7042.33,6753.65,6464.97,231.67
2026-05-12,6941.0,7006.0,6833.0,6970.0,8952100,6970.0,6852.2,6717.96,6657.86,5611.27,57.77,90.08,72.14,17.94,7046.9,6754.85,6462.8,227.48
2026-05-13,6954.0,7074.0,6920.0,7050.0,7008000,7050.0,6921.4,6743.0,6661.49,5626.62,59.57,104.54,78.62,25.91,7089.55,6770.85,6452.15,222.23
2026-05-14,7100.0,7124.0,6971.0,6984.0,8531800,6984.0,6933.0,6763.64,6664.63,5641.79,57.4,109.41,84.78,24.63,7112.74,6780.75,6448.76,217.29
2026-05-15,7021.0,7132.0,6827.0,6912.0,10413100,6912.0,6961.2,6781.12,6670.36,5656.48,55.04,106.23,89.07,17.16,7125.65,6789.6,6453.55,223.55
2026-05-18,6512.0,6583.0,6379.0,6525.0,21432700,6525.0,6888.2,6780.56,6670.24,5669.3,44.47,71.66,85.59,-13.93,7131.64,6776.35,6421.06,245.65
2026-05-19,6690.0,6908.0,6685.0,6886.0,13730800,6886.0,6871.4,6778.16,6673.33,5683.72,53.45,72.56,82.98,-10.42,7122.48,6772.9,6423.32,255.46
2026-05-20,7090.0,7130.0,6844.0,6982.0,15514300,6982.0,6857.8,6788.24,6680.43,5698.52,55.51,80.09,82.4,-2.31,7137.37,6778.4,6419.43,257.65
2026-05-21,7150.0,7413.0,7138.0,7301.0,16998300,7301.0,6921.2,6808.84,6691.02,5714.65,61.6,110.53,88.03,22.5,7230.05,6805.05,6380.05,270.03
2026-05-22,7378.0,7528.0,7302.0,7457.0,12090500,7457.0,7030.2,6837.72,6703.27,5730.5,64.18,145.56,99.54,46.02,7349.83,6839.15,6328.47,266.95
2026-05-25,7308.0,7396.0,7194.0,7304.0,11943500,7304.0,7186.0,6858.28,6712.7,5744.83,59.92,159.14,111.46,47.69,7412.66,6872.0,6331.34,266.67
2026-05-26,7300.0,7398.0,7213.0,7359.0,9138000,7359.0,7280.6,6874.44,6721.41,5759.53,60.93,172.36,123.64,48.72,7475.66,6909.3,6342.94,260.84
2026-05-27,7283.0,7313.0,7178.0,7217.0,10262300,7217.0,7327.6,6888.24,6731.16,5774.09,56.97,169.42,132.79,36.63,7491.74,6946.05,6400.36,255.14
2026-05-28,7130.0,7140.0,6996.0,7065.0,14467400,7065.0,7280.4,6900.12,6733.6,5788.12,52.99,153.06,136.85,16.21,7470.56,6977.95,6485.34,252.7
2026-05-29,7065.0,7286.0,7045.0,7195.0,16581900,7195.0,7228.0,6916.92,6733.94,5802.73,55.83,148.87,139.25,9.62,7476.46,7007.8,6539.14,251.86
2026-06-01,7108.0,7268.0,7065.0,7185.0,7629100,7185.0,7204.2,6938.44,6736.0,5816.81,55.55,143.1,140.02,3.07,7493.83,7020.25,6546.67,248.37
2026-06-02,7253.0,7346.0,7064.0,7346.0,10005100,7346.0,7201.6,6967.76,6737.1,5831.85,59.08,149.78,141.97,7.81,7524.54,7051.45,6578.36,250.77
2026-06-03,7500.0,7687.0,7389.0,7633.0,12383200,7633.0,7284.8,7013.8,6739.24,5849.07,64.49,176.21,148.82,27.39,7606.5,7097.9,6589.3,257.22
2026-06-04,7621.0,7796.0,7472.0,7645.0,11569200,7645.0,7400.8,7062.52,6738.11,5865.88,64.7,195.86,158.23,37.63,7688.34,7133.85,6579.36,261.99
2026-06-05,7822.0,7966.0,7698.0,7716.0,10044100,7716.0,7505.0,7107.24,6737.29,5882.75,65.99,214.69,169.52,45.17,7764.18,7181.1,6598.02,266.2
2026-06-08,7620.0,7686.0,7437.0,7562.0,9646600,7562.0,7580.4,7132.28,6736.87,5898.61,60.82,214.71,178.56,36.15,7804.22,7214.7,6625.18,267.12
2026-06-09,7661.0,7774.0,7610.0,7690.0,10302200,7690.0,7649.2,7171.0,6743.51,5914.9,63.39,222.49,187.35,35.15,7863.53,7250.7,6637.87,263.18
2026-06-10,7760.0,7855.0,7555.0,7614.0,12418200,7614.0,7645.4,7207.4,6752.75,5930.07,60.84,219.99,193.88,26.12,7903.97,7278.9,6653.83,265.81
2026-06-11,7411.0,7479.0,7322.0,7394.0,11181800,7394.0,7595.2,7226.12,6758.63,5944.11,54.07,197.97,194.69,3.28,7911.19,7299.4,6687.61,267.68
2026-06-12,7605.0,7706.0,7510.0,7563.0,13140500,7563.0,7564.6,7257.8,6763.15,5958.83,57.94,191.95,194.15,-2.2,7926.87,7331.95,6737.03,270.85
2026-06-15,7750.0,7958.0,7717.0,7793.0,11061200,7793.0,7610.8,7293.92,6772.48,5973.63,62.57,203.39,195.99,7.39,7895.49,7395.35,6895.21,279.72
2026-06-16,7820.0,7845.0,7702.0,7757.0,9797300,7757.0,7624.2,7325.4,6784.56,5988.78,61.43,207.16,198.23,8.93,7904.54,7438.9,6973.26,269.95
2026-06-17,7907.0,8120.0,7902.0,8006.0,12922600,8006.0,7702.6,7363.64,6803.74,6005.56,66.03,227.62,204.11,23.51,7968.54,7490.1,7011.66,276.6
2026-06-18,8100.0,8304.0,8094.0,8249.0,11516700,8249.0,7873.6,7414.24,6821.68,6023.37,69.82,260.44,215.37,45.07,8110.17,7537.5,6964.83,278.13
2026-06-19,8252.0,8259.0,7848.0,7884.0,14725900,7884.0,7937.8,7453.12,6832.53,6039.53,59.15,254.07,223.11,30.96,8149.48,7558.85,6968.22,287.62
2026-06-22,7823.0,8067.0,7808.0,8043.0,6803400,8043.0,7987.8,7513.84,6850.01,6056.27,61.88,258.87,230.26,28.6,8210.03,7595.8,6981.57,285.57
2026-06-23,8091.0,8092.0,7820.0,7820.0,8956900,7820.0,8000.4,7551.2,6868.59,6071.72,56.21,241.88,232.59,9.3,8230.39,7618.85,7007.31,284.6
2026-06-24,7929.0,7930.0,7637.0,7722.0,7033300,7722.0,7943.6,7580.8,6890.88,6086.78,53.87,218.01,229.67,-11.67,8228.28,7644.1,7059.92,285.2
2026-06-25,7814.0,7831.0,7698.0,7725.0,6244600,7725.0,7838.8,7597.76,6908.06,6101.92,53.93,197.05,223.15,-26.09,8197.82,7677.1,7156.38,274.33
2026-06-26,7720.0,7833.0,7679.0,7794.0,7865800,7794.0,7820.8,7611.24,6925.62,6116.98,55.44,183.89,215.3,-31.4,8180.13,7707.05,7233.97,265.74
2026-06-29,7839.0,7854.0,7639.0,7652.0,10747300,7652.0,7742.6,7625.16,6946.23,6131.39,51.68,160.16,204.27,-44.11,8139.95,7730.4,7320.85,262.11
2026-06-30,7692.0,7783.0,7662.0,7743.0,7867000,7743.0,7727.2,7640.52,6964.44,6146.74,53.84,147.0,192.82,-45.81,8119.89,7750.25,7380.61,252.75
2026-07-01,7750.0,7918.0,7750.0,7814.0,5951800,7814.0,7745.6,7664.4,6984.87,6162.25,55.51,140.68,182.39,-41.71,8125.86,7759.3,7392.74,247.19
2026-07-02,7966.0,8086.0,7931.0,7973.0,9670300,7973.0,7795.2,7700.72,7009.62,6179.35,59.09,146.81,175.27,-28.46,8149.61,7775.7,7401.79,248.97
2026-07-03,8028.0,8083.0,7907.0,8078.0,6936500,8078.0,7852.0,7736.04,7036.44,6196.38,61.3,158.31,171.88,-13.57,8188.85,7793.8,7398.75,243.75
2026-07-06,8082.0,8208.0,8046.0,8195.0,6572200,8195.0,7960.6,7776.44,7065.36,6213.68,63.65,174.86,172.48,2.38,8241.99,7825.45,7408.91,237.91
2026-07-07,8333.0,8551.0,8227.0,8227.0,11405900,8227.0,8057.4,7811.68,7094.25,6230.99,64.29,188.38,175.66,12.72,8298.62,7852.3,7405.98,246.35
2026-07-08,8214.0,8369.0,8151.0,8250.0,7916300,8250.0,8144.6,7836.36,7120.94,6248.77,64.77,198.66,180.26,18.4,8348.24,7884.1,7419.96,244.32
2026-07-09,8150.0,8265.0,8108.0,8214.0,6615200,8214.0,8192.8,7859.12,7149.4,6265.93,63.34,201.58,184.52,17.06,8352.22,7925.1,7497.98,238.09
2026-07-10,8364.0,8440.0,8229.0,8307.0,7342800,8307.0,8238.6,7882.76,7182.0,6283.94,65.47,208.98,189.41,19.57,8386.38,7962.3,7538.22,237.22
2026-07-13,8370.0,8541.0,8357.0,8417.0,7327600,8417.0,8283.0,7916.96,7213.04,6302.34,67.85,221.18,195.77,25.42,8453.47,7993.5,7533.53,236.99
2026-07-14,8374.0,8497.0,8286.0,8480.0,8874200,8480.0,8333.6,7948.56,7241.47,6321.22,69.16,233.24,203.26,29.98,8522.08,8029.65,7537.22,235.14
2026-07-15,8580.0,8693.0,8411.0,8624.0,10893000,8624.0,8408.4,7988.96,7272.51,6341.07,71.97,251.52,212.91,38.61,8616.62,8060.55,7504.48,238.48
2026-07-16,8541.0,8607.0,8410.0,8440.0,7409200,8440.0,8453.6,8030.8,7300.96,6360.07,63.95,248.3,219.99,28.31,8645.03,8070.1,7495.17,236.73
2026-07-17,8342.0,8370.0,7790.0,7930.0,14432200,7930.0,8378.2,8045.48,7324.89,6376.11,47.98,202.26,216.45,-14.18,8644.69,8072.4,7500.11,266.25
2026-07-21,8038.0,8302.0,7924.0,8302.0,9797400,8302.0,8355.2,8065.84,7354.43,6393.59,56.51,193.56,211.87,-18.31,8666.05,8085.35,7504.65,274.24
2026-07-22,8400.0,8648.0,8341.0,8529.0,11822600,8529.0,8365.0,8096.72,7380.03,6411.82,60.74,202.65,210.03,-7.38,8718.69,8120.8,7522.91,279.36
2026-07-23,8560.0,8816.0,8531.0,8766.0,12807600,8766.0,8393.4,8127.12,7411.25,6430.95,64.61,226.36,213.29,13.07,8803.89,8173.0,7542.11,279.91
2026-07-24,8663.0,8796.0,8613.0,8652.0,9693400,8652.0,8435.8,8143.24,7440.37,6449.43,61.47,233.27,217.29,15.98,8847.98,8219.35,7590.72,272.99
2026-07-27,8618.0,8690.0,8516.0,8631.0,9501000,8631.0,8576.0,8173.12,7469.12,6468.27,60.88,234.35,220.7,13.65,8882.39,8261.2,7640.01,265.91
2026-07-28,8481.0,8499.0,8166.0,8210.0,11809100,8210.0,8557.6,8179.8,7491.4,6484.66,50.48,198.94,216.35,-17.41,8845.03,8289.1,7733.17,280.14
2026-07-29,8099.0,8149.0,7866.0,8112.0,12779000,8112.0,8474.2,8191.48,7506.95,6501.51,48.4,161.11,205.3,-44.19,8811.86,8307.55,7803.24,284.7
2026-07-30,7800.0,7962.0,7761.0,7818.0,11805100,7818.0,8284.6,8195.32,7521.45,6517.22,42.73,106.18,185.48,-79.29,8811.28,8307.75,7804.22,289.43
2026-07-31,8264.0,8310.0,8003.0,8167.0,13976600,8167.0,8187.6,8213.0,7539.87,6534.32,50.19,89.78,166.34,-76.56,8801.93,8317.45,7832.97,303.9
2026-08-03,8138.0,8205.0,7857.0,8094.0,10847200,8094.0,8080.2,8225.0,7557.99,6551.12,48.76,70.08,147.09,-77.0,8801.19,8318.25,7835.31,307.05
2026-08-04,7996.0,8168.0,7968.0,8131.0,7714600,8131.0,8064.4,8244.16,7575.87,6568.27,49.55,56.8,129.03,-72.23,8802.05,8315.05,7828.05,299.41
2026-08-05,8188.0,8479.0,8137.0,8470.0,10224900,8470.0,8136.0,8273.24,7596.07,6586.58,56.17,72.79,117.78,-44.99,8816.92,8327.2,7837.48,302.88
2026-08-06,8436.0,8655.0,8417.0,8499.0,9317000,8499.0,8272.2,8300.64,7617.76,6605.0,56.7,86.81,111.59,-24.78,8833.53,8339.65,7845.77,298.24
2026-08-07,8550.0,8569.0,8407.0,8446.0,8069600,8446.0,8328.0,8319.56,7640.13,6623.72,55.39,92.57,107.78,-15.22,8843.68,8351.25,7858.82,288.51
2026-08-10,8440.0,8446.0,8206.0,8244.0,7059200,8244.0,8358.0,8326.2,7659.72,6642.04,50.62,79.91,102.21,-22.3,8842.42,8348.1,7853.78,285.05
2026-08-12,8346.0,8510.0,8311.0,8502.0,9009000,8502.0,8432.2,8338.48,7684.45,6661.35,55.85,89.67,99.7,-10.03,8850.41,8352.35,7854.29,283.69
2026-08-13,8635.0,8775.0,8534.0,8775.0,10010600,8775.0,8493.2,8360.4,7713.28,6681.7,60.61,118.07,103.37,14.69,8895.93,8367.1,7838.27,282.92
2026-08-14,8775.0,8819.0,8620.0,8620.0,10102500,8620.0,8517.4,8375.2,7741.79,6702.21,56.86,126.61,108.02,18.59,8895.35,8366.9,7838.45,276.93
