datetime,open,high,low,close,volume
2026-10-01 09:00:00,3608,3623,3607,3613,2417900
2026-10-01 09:15:00,3613,3616,3587,3590,6031900
2026-10-01 09:30:00,3590,3601,3585,3592,3602300
2026-10-01 09:45:00,3591,3593,3577,3586,3057800
2026-10-01 10:00:00,3586,3589,3583,3584,1373200
2026-10-01 10:15:00,3585,3595,3581,3592,1169200
2026-10-01 10:30:00,3593,3596,3586,3592,1356200
2026-10-01 10:45:00,3592,3594,3588,3590,997800
2026-10-01 11:00:00,3590,3596,3588,3591,1042400
2026-10-01 11:15:00,3592,3597,3590,3597,497900
2026-10-01 11:30:00,3597,3598,3597,3598,123900
2026-10-01 12:30:00,3599,3599,3585,3589,2892100
2026-10-01 12:45:00,3589,3592,3586,3590,1188500
2026-10-01 13:00:00,3591,3592,3584,3585,1256200
2026-10-01 13:15:00,3585,3586,3582,3584,1025200
2026-10-01 13:30:00,3584,3587,3582,3583,995200
2026-10-01 13:45:00,3583,3583,3577,3582,2172800
2026-10-01 14:00:00,3582,3594,3582,3591,1624500
2026-10-01 14:15:00,3591,3599,3590,3597,1359600
2026-10-01 14:30:00,3597,3602,3595,3602,1217900
2026-10-01 14:45:00,3602,3602,3593,3596,1413300
2026-10-01 15:00:00,3596,3604,3596,3601,1489100
2026-10-01 15:15:00,3600,3602,3594,3599,1064400
2026-10-02 09:00:00,3581,3601,3565,3592,2288200
2026-10-02 09:15:00,3592,3604,3583,3591,1860700
2026-10-02 09:30:00,3591,3592,3572,3573,1323400
2026-10-02 09:45:00,3572,3594,3571,3593,918600
2026-10-02 10:00:00,3593,3599,3578,3580,1160600
2026-10-02 10:15:00,3579,3581,3573,3573,723500
2026-10-02 10:30:00,3572,3577,3566,3574,889400
2026-10-02 10:45:00,3574,3580,3561,3567,976100
2026-10-02 11:00:00,3566,3572,3565,3568,415100
2026-10-02 11:15:00,3569,3571,3561,3562,619500
2026-10-02 11:30:00,3563,3563,3563,3563,62800
2026-10-02 12:30:00,3561,3561,3541,3544,3354900
2026-10-02 12:45:00,3545,3553,3544,3548,1014800
2026-10-02 13:00:00,3549,3549,3544,3548,621300
2026-10-02 13:15:00,3548,3549,3542,3548,640800
2026-10-02 13:30:00,3548,3548,3542,3546,534400
2026-10-02 13:45:00,3546,3555,3545,3555,671700
2026-10-02 14:00:00,3555,3559,3552,3557,691600
2026-10-02 14:15:00,3556,3556,3550,3554,566000
2026-10-02 14:30:00,3554,3564,3552,3564,864400
2026-10-02 14:45:00,3564,3565,3559,3560,690100
2026-10-02 15:00:00,3561,3562,3544,3547,1258800
2026-10-02 15:15:00,3546,3547,3542,3545,959600
2026-10-05 09:00:00,3548,3575,3545,3561,4325600
2026-10-05 09:15:00,3562,3569,3551,3566,2236000
2026-10-05 09:30:00,3567,3587,3564,3580,2033800
2026-10-05 09:45:00,3580,3581,3569,3571,836100
2026-10-05 10:00:00,3570,3587,3570,3582,936400
2026-10-05 10:15:00,3582,3594,3579,3580,1099800
2026-10-05 10:30:00,3580,3588,3579,3588,569200
2026-10-05 10:45:00,3587,3588,3575,3577,639800
2026-10-05 11:00:00,3578,3580,3572,3580,497300
2026-10-05 11:15:00,3580,3583,3577,3579,359500
2026-10-05 11:30:00,3579,3579,3579,3579,48200
2026-10-05 12:30:00,3579,3590,3577,3590,1567400
2026-10-05 12:45:00,3589,3590,3584,3586,704600
2026-10-05 13:00:00,3587,3588,3581,3584,466000
2026-10-05 13:15:00,3584,3584,3576,3580,423100
2026-10-05 13:30:00,3580,3590,3580,3587,536000
2026-10-05 13:45:00,3588,3589,3584,3585,405200
2026-10-05 14:00:00,3585,3587,3582,3585,445800
2026-10-05 14:15:00,3585,3589,3583,3586,438000
2026-10-05 14:30:00,3586,3591,3586,3588,714900
2026-10-05 14:45:00,3587,3594,3586,3593,974700
2026-10-05 15:00:00,3594,3605,3591,3602,2589700
2026-10-05 15:15:00,3602,3606,3600,3606,1125400
2026-10-06 09:00:00,3617,3634,3615,3628,1532800
2026-10-06 09:15:00,3628,3642,3625,3635,2171200
2026-10-06 09:30:00,3634,3643,3630,3642,1772900
2026-10-06 09:45:00,3643,3650,3636,3641,1562800
2026-10-06 10:00:00,3640,3653,3638,3652,1840300
2026-10-06 10:15:00,3652,3652,3647,3649,855600
2026-10-06 10:30:00,3650,3657,3648,3655,1355900
2026-10-06 10:45:00,3655,3658,3653,3657,888200
2026-10-06 11:00:00,3657,3663,3654,3660,1317000
2026-10-06 11:15:00,3660,3662,3659,3660,494200
2026-10-06 11:30:00,3659,3659,3659,3659,39000
2026-10-06 12:30:00,3660,3663,3652,3659,1710200
2026-10-06 12:45:00,3659,3665,3658,3662,1129100
2026-10-06 13:00:00,3662,3663,3659,3662,515700
2026-10-06 13:15:00,3663,3664,3660,3662,726100
2026-10-06 13:30:00,3663,3664,3660,3662,390900
2026-10-06 13:45:00,3662,3669,3661,3667,1247000
2026-10-06 14:00:00,3666,3668,3664,3667,493900
2026-10-06 14:15:00,3668,3675,3667,3675,1230200
2026-10-06 14:30:00,3675,3676,3672,3674,931700
2026-10-06 14:45:00,3675,3682,3673,3678,1271100
2026-10-06 15:00:00,3678,3680,3672,3677,757200
2026-10-06 15:15:00,3678,3680,3676,3678,626400
2026-10-07 09:00:00,3670,3703,3668,3692,4411800
2026-10-07 09:15:00,3692,3696,3680,3681,1923900
2026-10-07 09:30:00,3681,3687,3677,3683,1180800
2026-10-07 09:45:00,3682,3683,3674,3678,1026500
2026-10-07 10:00:00,3679,3681,3669,3673,945400
2026-10-07 10:15:00,3673,3676,3669,3675,623500
2026-10-07 10:30:00,3675,3676,3666,3666,722900
2026-10-07 10:45:00,3666,3668,3653,3653,894100
2026-10-07 11:00:00,3652,3654,3640,3645,1227800
2026-10-07 11:15:00,3646,3648,3640,3640,610200
2026-10-07 11:30:00,3640,3640,3640,3640,32600
2026-10-07 12:30:00,3650,3653,3636,3640,1295500
2026-10-07 12:45:00,3640,3645,3638,3638,679600
2026-10-07 13:00:00,3638,3642,3637,3641,381300
2026-10-07 13:15:00,3641,3644,3640,3641,351000
2026-10-07 13:30:00,3640,3641,3636,3638,722900
2026-10-07 13:45:00,3637,3641,3637,3639,352900
2026-10-07 14:00:00,3638,3641,3634,3637,677000
2026-10-07 14:15:00,3636,3639,3636,3637,445300
2026-10-07 14:30:00,3637,3644,3634,3638,790900
2026-10-07 14:45:00,3638,3639,3635,3638,439200
2026-10-07 15:00:00,3637,3640,3635,3637,671600
2026-10-07 15:15:00,3637,3638,3626,3628,1062300
