ticker,date,close,change,change_pct,volume,ma5,ma25,ma75,ma200,ma25_div_pct,rsi14,macd,macd_signal,macd_hist,bb_upper,bb_mid,bb_lower,atr14,trend_status,week52_high,week52_high_confidence
1605.T,2026-09-25,3857.0,23.0,0.6,4263800,3918.6,3906.24,3620.89,3647.38,-1.26,49.85,39.65,58.9,-19.25,4083.0,3910.3,3737.6,110.08,Range (保ち合い),4955.0,full
1605.T,2026-09-28,3815.0,-42.0,-1.09,5385800,3869.6,3904.44,3624.02,3650.34,-2.29,47.46,29.7,53.06,-23.36,4084.02,3909.2,3734.38,107.72,Range (保ち合い),4955.0,full
1605.T,2026-09-29,3671.0,-144.0,-3.77,5523100,3818.0,3896.52,3625.87,3653.1,-5.79,40.31,10.07,44.46,-34.39,4102.44,3899.95,3697.46,110.31,Range (保ち合い),4955.0,full
3861.T,2026-09-25,875.8,5.5,0.63,2893000,876.66,872.86,845.79,853.79,0.34,52.54,2.32,2.69,-0.37,889.61,874.68,859.75,13.06,Bullish (上昇基調),990.7,full
3861.T,2026-09-28,861.1,-14.7,-1.68,5474500,870.76,872.4,846.62,853.99,-1.3,38.68,-0.3,2.09,-2.39,892.91,872.83,852.76,13.26,Range (保ち合い),990.7,full
3861.T,2026-09-29,835.7,-25.4,-2.95,4838300,860.12,871.37,847.27,854.18,-4.09,36.34,-2.93,1.09,-4.02,896.47,870.79,845.11,13.0,Range (保ち合い),990.7,full
4502.T,2026-09-25,5969.0,84.0,1.43,3826100,5923.0,5808.24,5493.56,5317.28,2.77,61.78,72.46,61.08,11.38,6005.3,5811.9,5618.5,112.27,Bullish (上昇基調),6033.0,full
4502.T,2026-09-28,5930.0,-39.0,-0.65,4933900,5919.2,5810.6,5503.93,5324.27,2.05,52.83,65.32,61.92,3.39,6002.61,5810.3,5617.99,109.32,Bullish (上昇基調),6033.0,full
4502.T,2026-09-29,5739.0,-191.0,-3.22,4844600,5877.8,5807.16,5514.12,5330.81,-1.17,48.1,51.87,59.91,-8.04,6001.61,5806.8,5611.99,111.94,Range (保ち合い),6033.0,full
8058.T,2026-09-25,4859.0,48.0,1.0,7325300,4908.0,4876.24,4716.2,4695.68,-0.35,48.77,30.9,49.4,-18.5,5102.62,4910.5,4718.38,119.24,Range (保ち合い),6012.0,full
8058.T,2026-09-28,4818.0,-41.0,-0.84,8671000,4870.4,4880.56,4715.17,4701.13,-1.28,43.57,16.03,42.72,-26.7,5097.49,4912.4,4727.31,115.87,Range (保ち合い),6012.0,full
8058.T,2026-09-29,4637.0,-181.0,-3.76,9703500,4802.0,4878.2,4712.93,4706.16,-4.94,38.47,-5.3,33.12,-38.42,5115.19,4907.4,4699.61,117.3,Range (保ち合い),6012.0,full
8306.T,2026-09-25,3714.0,141.0,3.95,47407500,3642.8,3632.72,3509.0,3033.53,2.24,56.06,16.75,24.7,-7.95,3774.06,3667.05,3560.04,90.51,Bullish (上昇基調),3813.0,full
8306.T,2026-09-28,3721.0,7.0,0.19,44841300,3646.4,3639.84,3515.73,3040.01,2.23,52.69,16.94,23.14,-6.21,3770.84,3671.75,3572.66,87.4,Bullish (上昇基調),3813.0,full
8306.T,2026-09-29,3592.0,-129.0,-3.47,44278000,3634.4,3644.96,3521.23,3045.89,-1.45,46.71,10.43,20.6,-10.17,3772.32,3670.95,3569.58,86.95,Range (保ち合い),3813.0,full
8411.T,2026-09-25,8626.0,346.0,4.18,10570300,8503.2,8488.08,8255.88,7167.55,1.62,53.73,37.54,65.94,-28.41,8862.07,8579.15,8296.23,249.53,Bullish (上昇基調),8894.0,full
8411.T,2026-09-28,8799.0,173.0,2.01,11262400,8534.8,8512.72,8271.37,7184.11,3.36,56.38,48.86,62.53,-13.67,8861.37,8599.65,8337.93,245.63,Bullish (上昇基調),8894.0,full
8411.T,2026-09-29,8472.0,-327.0,-3.72,10484200,8519.4,8528.2,8281.8,7199.28,-0.66,48.68,37.07,57.43,-20.37,8847.29,8606.25,8365.21,246.09,Range (保ち合い),8894.0,full
8593.T,2026-09-25,1378.5,13.0,0.95,3953000,1384.3,1392.04,1381.95,1374.18,-0.97,45.66,-5.87,-4.39,-1.48,1418.74,1392.88,1367.01,20.49,Range (保ち合い),1541.5,full
8593.T,2026-09-28,1370.0,-8.5,-0.62,5334800,1375.6,1390.92,1382.57,1374.76,-1.5,37.8,-8.74,-5.26,-3.48,1422.09,1389.75,1357.41,20.1,Range (保ち合い),1541.5,full
8593.T,2026-09-29,1319.5,-50.5,-3.69,6971100,1358.6,1388.16,1382.77,1375.23,-4.95,33.12,-12.92,-6.8,-6.13,1430.57,1386.1,1341.63,20.59,Range (保ち合い),1541.5,full
8766.T,2026-09-25,7992.0,60.0,0.76,6096500,8104.4,7789.04,7659.71,6878.05,2.61,53.54,111.52,100.01,11.51,8295.63,7911.8,7527.97,200.77,Bullish (上昇基調),8468.0,full
8766.T,2026-09-28,538.33,-7453.67,-93.26,99465000,6567.57,7516.03,7568.82,6853.0,-92.84,8.94,-501.9,-20.37,-481.53,10844.92,7551.14,4257.37,719.15,Bearish (下降基調),8468.0,full
8766.T,2026-09-29,523.2,-15.13,-2.81,79031500,5012.61,7247.64,7477.0,6828.6,-92.78,10.08,-968.22,-209.94,-758.28,11692.65,7195.85,2699.05,676.2,Bearish (下降基調),8468.0,full
9432.T,2026-09-25,176.1,1.2,0.69,180233400,177.08,172.15,157.79,154.58,2.29,60.13,3.95,4.41,-0.46,180.79,174.06,167.33,3.05,Bullish (上昇基調),180.1,full
9432.T,2026-09-28,174.7,-1.4,-0.8,223528700,176.06,172.66,158.12,154.68,1.18,51.4,3.38,4.21,-0.82,180.67,174.18,167.69,3.0,Bullish (上昇基調),180.1,full
9432.T,2026-09-29,171.3,-3.4,-1.95,208625600,174.32,173.05,158.45,154.77,-1.01,50.06,2.85,3.93,-1.09,180.38,174.34,168.29,2.95,Range (保ち合い),180.1,full
9434.T,2026-09-25,245.9,-0.4,-0.16,74666600,248.14,241.42,225.94,218.32,1.86,58.6,4.37,4.57,-0.2,252.9,243.1,233.3,4.31,Bullish (上昇基調),252.9,full
9434.T,2026-09-28,244.5,-1.4,-0.57,115412100,246.4,241.73,226.29,218.42,1.15,48.47,3.59,4.38,-0.78,252.89,243.13,233.37,4.29,Bullish (上昇基調),252.9,full
9434.T,2026-09-29,239.5,-5.0,-2.04,101783500,243.98,241.99,226.66,218.55,-1.03,47.55,2.89,4.08,-1.19,252.79,243.23,233.67,4.34,Range (保ち合い),252.9,full
9984.T,2026-09-25,6150.0,-202.0,-3.18,62333000,6249.4,5749.2,5953.4,5152.65,6.97,53.63,206.4,184.45,21.96,7132.1,5889.95,4647.8,402.0,Range (保ち合い),9074.0,full
9984.T,2026-09-28,6244.0,94.0,1.53,59549300,6260.5,5789.66,5943.57,5162.84,7.85,55.02,197.61,187.08,10.53,7147.88,5943.72,4739.57,391.78,Range (保ち合い),9074.0,full
9984.T,2026-09-29,6035.0,-209.0,-3.35,64169100,6218.1,5815.58,5930.06,5172.37,3.77,51.22,172.23,184.11,-11.88,7140.49,5985.48,4830.46,394.58,Range (保ち合い),9074.0,full
